string	occurrences	volumes	authors	ignore	alias	comment
Abbey	30	10	10	1		
Abbotsford	7	6	5	0	Melrose, UK	Melrose, UK
Abelard	6	4	4	1		
Abraham	17	11	9	1		
ABYDOS	11	8	8	0	Canakkale, Turkey	No longer exists; closest is Canakkle, Turkey
Abyssinia	10	7	7	0	Ethiopia	
Acapulco	19	6	6	0		
Ackland	5	2	2	1		
Acropolis	25	8	8	0		
Acton	45	4	4	0		
Ada	47	15	14	1		
Adam	9	8	7	1		
Adela	36	5	4	1		
Adelaide	930	34	29	1		Almost always used as name
Adelaide Adelaide	107	12	10	1		
Adelaide Adelaide Adelaide	21	6	6	1		
Adelaide Adelaide Adelaide Adelaide	5	2	2	1		
Adele	83	7	6	1		
Adelphi	7	6	6	1		Usually a hotel or theater
Aden	31	7	7	0		
Adirondacks	9	6	5	0		
Adriatic	57	18	18	0	Adriatic sea	Adriatic Sea
Aegean	17	9	9	0	Aegean sea	
Aegean sea	12	5	5	0		
afar	188	145	106	1		
AFGHANISTAN	6	2	2	0		
Africa	664	198	138	0		
Africans	15	13	11	1		
Agnes	117	40	28	1		
Agra	6	5	4	0		
Ahab	7	2	2	1		
Ahem	14	13	11	1		
Ailsa	5	2	2	1		
Aix	5	4	4	0		
Alabama	227	83	66	0		
Alabama river	6	3	3	0		
Aladdin	10	10	10	1		
Alamo	32	8	7	0		
Alaska	11	9	8	0		
Alba	6	3	3	1		
Albany	477	140	96	0		
Albany Street	6	3	2	0	Albany Street, London, England, UK	Albany Street, London, UK
Albemarle	15	6	5	0		
Albert	7	4	4	1		
Albion	11	11	10	0	Great Britain	
Alcibiades	23	17	15	1		
Aleppo	7	5	3	0		
Alexandria	196	68	47	0		Usually VA, but also Egypt; currently looks up VA
Algeria	31	7	7	0		
Algiers	72	25	22	0		
Algonquin	9	6	5	0		
Alhambra	46	25	20	0	Alhambra, Spain	Alhambra, Spain
Alice	32	23	20	1		
Alla	9	3	3	1		
Allah	10	5	4	1		
Allahabad	9	3	3	0		
Allegany	14	2	2	0		
Allegany County	11	2	2	0		
Alleghanies	5	4	4	0		
Allegheny	58	3	3	0		
Allston	15	12	11	0		
Alpha	12	3	3	1		
Alsace	70	2	2	0		
Alsatia	8	3	3	1		Usually metaphorical for old London district of crime
Alta California	5	5	5	0		
Altenberg	5	2	2	0		
Alton	12	5	5	0		
Amalfi	12	2	2	0		
Amazon	95	60	44	0		
Amelia	76	17	16	1		
America	3300	640	330	0	United States	
America Esq.	5	4	4	1		
american	159	107	77	1		
American States	7	7	7	0	United States	
Americans	33	26	21	1		
Amerika	5	5	3	0	United States	
Amerikin	11	4	2	1		
Ameriky	23	22	19	0	United States	
Ames	5	3	3	0		
Amherst	25	6	6	0		
Amiens	13	4	4	0		
Amsterdam	147	33	30	0		
Amy	37	14	13	1		
Andalusia	22	15	15	0		
Andes	6	4	4	0		
Andover	22	12	10	0	Andover Massachusetts	
Androscoggin	23	6	6	0		
Angel	8	4	4	1		
ANGELINA	56	7	7	1		
Angola	7	4	4	0		
ANITA	7	5	5	1		
Anjou	22	6	6	0		
Ann	16	13	10	1		
Ann Street	6	5	5	0		
Anna	19	12	11	1		
Annapolis	33	13	10	0		
Anne	9	6	6	1		
Annie	11	8	8	1		
Annunciation	5	2	2	1		
Ansonia	6	2	2	0		
Antietam	41	17	14	0		
Antioch	64	15	13	0	Antakya, Turkey	Antakya, Turkey
Antonia	13	3	3	1		
Antonio	47	16	16	1		
Antwerp	17	12	10	0		
Apalachicola	8	3	3	0		
Apennines	20	13	12	0		
Appenzell	6	2	2	0		
Appleton	31	6	5	0		
Appomattox	27	6	3	0		
Aquia Creek	5	4	4	0		
Arabia	45	29	25	0		
Arabian	24	16	13	1		
Arabs	12	11	10	1		
Aragon	5	3	3	0		
Arapahoe	6	2	2	0		
Arcadia	60	40	30	1		
Arctic Ocean	6	4	4	0		
Arden	60	9	8	1		Personal name
arizona	13	9	5	0		
Ark.	11	10	10	0	Arkansas	
Arkansas	149	61	44	0		
Arkansaw	22	6	4	0	Arkansas	
Arles	6	2	2	0		
Arlington	50	18	18	0		
Arlington Heights	5	4	3	0		
Armagh	8	3	3	0		
Armenia	5	5	5	0		
Arnold	7	5	4	1		
Aroostook	11	4	4	0		
Arrah	116	47	32	1		Exclamation
arras	5	4	4	0		
Arthur	11	10	9	1		
Arundel	152	2	2	1		Name
Ascalon	8	4	4	0		
Asenath	5	2	2	1		Personal name
Ash Grove	52	3	2	0		
Ashantee	19	6	5	0		
Ashburton	10	3	2	1		Name
Ashford	6	2	2	0		
Ashley	29	7	6	1		
Ashton	14	5	5	0		
Ashurst	13	3	2	0		
Asia	383	91	75	0		
Asia Africa	6	4	4	1		
Asia Minor	6	4	4	0	Turkey	
Asniéres	6	2	2	0		
Aspasia	6	4	4	0		
aspen	21	17	14	1		Name
Assisi	5	4	4	0		
Assyria	9	6	5	0	Iraq	Iraq
Astor	29	18	17	1		
Astor House	8	6	6	1		
Astoria	28	10	10	0		
Asturias	6	4	4	0		
Atchafalaya	7	3	2	0		
Athens	178	74	65	0		
Athy	20	2	2	0		
Atlanta	43	21	20	0		
Atlantic	761	355	199	0	Atlantic Ocean	
Atlantic Ocean	43	37	28	0		
Atlantic States	23	20	15	0	#East, USA	#East, USA
Atlas	20	16	14	1		
Atlas Mountains	7	2	2	0		
Attakapas	5	3	2	0		
Attica	15	9	9	0	Greece	
Aubrey	8	2	2	1		
Auburn	5	5	5	0	Mount Auburn	Mount Auburn Cemetary
Augsburg	6	2	2	0		
Augusta	293	47	32	1		Mostly name; some Augusta, GA, few Augusta, ME
Augusta Augusta	12	4	4	1		
AUGUSTINE	13	8	8	1		
Augustus	5	4	4	1		
Aunt Augusta	6	2	2	1		
Aunt Clara	8	2	2	1		
Aunt Dinah	5	3	3	1		
Aunt Fanny	13	3	2	1		
Aunt Lois	5	2	2	1		
Aunt Maria	15	3	2	1		
Aurelia	5	2	2	1		
aurora	162	73	61	1		
Aurora Aurora	5	2	2	1		
Aurora Borealis	8	8	8	1		
Austin	242	24	18	0		
Austin Austin	13	3	3	1		
Australia	194	68	54	0		
Austria	137	55	44	0		
Auvergne	6	4	3	0		
Avignon	22	7	7	0		
Avon	17	14	12	0	Stratford-on-Avon	Straftford-on-Avon, usually
Ayr	8	3	3	0		
Ayrshire	9	8	8	0	South Ayrshire, Scotland, UK	South Ayrshire, Scotland
Azores	21	8	7	0		
Aztecs	5	4	4	1		
Baalbec	15	4	4	0		
Baalbek	59	2	2	0		
Babylon	43	24	22	0	Iraq	Iraq
Baca	6	2	2	0		
Bacchus	23	19	16	1		
Back Bay	6	6	5	0	Boston, MA	
Bacon	39	12	11	1		
Badajoz	16	2	2	0		
Baden	80	21	17	0	Baden-Baden	Baden-Baden
Baden-Baden	36	18	17	0		
Baffin	7	4	4	0		
Bagdad	25	13	12	0		
Bahamas	11	9	8	0		
Bahia	31	5	4	0		
Baiae	10	5	5	0		
Bainbridge	15	4	4	0		
Balaklava	6	6	5	0		
Balder	8	3	3	0		
Baldinsville	69	4	2	0		
Ball	16	14	13	1		Dancing event, not place
Balmoral	5	4	4	0		
Baltimore	711	196	123	0		
Banbury	9	3	3	0		
Bangalore	9	2	2	0		
Bangor	25	16	14	0		
Bank	18	14	10	1		
Bantry	5	3	2	0		
Barataria	22	4	3	0		
Barbadoes	17	7	6	0		
Barbara	16	5	5	1		
Barney	9	2	2	1		
Barnstable	42	5	5	0		
Barton	7	3	3	0		
Bartow	6	4	2	0		
Bashan	21	14	13	0		
Basle	11	3	3	0		
Batavia	12	9	9	0		
Bath	13	9	9	0		
Baton Rouge	38	11	9	0		
Bavaria	20	15	13	0		
Baxter	17	14	13	0		
Bay	64	40	34	1		
Bay Biscay	10	9	8	0		
Bay Fundy	6	5	5	0		
Bay State	6	5	5	0	Massachusetts, USA	
Beach	5	5	5	1		
Beacon	22	10	9	1		
Beacon Hill	7	6	6	0		
Beacon Street	21	13	11	0		
Beast	38	18	17	1		
Beatrice	5	3	3	1		
Beau	6	3	3	1		
Beaufort	58	20	15	0		
BEAUMONT	331	18	15	1		
Beauregard	17	8	6	1		
Bedford	21	14	14	0		
Bedford Springs	6	3	2	0		
Beechwood	61	2	2	0		
Beekman	7	7	7	0		
Beelzebub	5	5	5	1		
Beersheba	24	18	17	0		
beggary	21	20	18	1		
Beirut	47	4	2	0		
Belfast	21	10	10	0		
Belgium	22	19	17	0		
Belgravia	15	11	10	0		
Bella	110	14	14	1		
Bellair	13	4	4	1		Name and ambig
Belle	49	12	10	1		
Belleville	84	5	5	0		
Bellevue	161	16	13	0	Bellevue Hospital, New York, NY	Bellevue Hospital, NY, NY
Bellevue Hospital	21	6	5	1	Bellevue Hospital, New York, NY	Bellevue Hospital, NY, NY
Bellingham	16	4	4	0		
Belmont	8	5	5	0		
Belton	37	5	4	1		Personal name
Belvidere	37	14	14	0		
Ben	39	21	21	1		
Ben Nevis	5	5	5	0		
Benares	9	4	4	0		
Bench	17	16	14	1		
Benedict	5	5	5	1		
Benevento	7	2	2	0		
Bengal	93	38	33	0	West Bengal, India	West Bengal, India
Benicia	21	12	10	0		
Benin	10	4	4	0		
Benjamin	11	6	6	1		
Bennington	20	11	10	0		
Bentley	23	5	5	1		
Beppo	7	3	3	1		
Bergen	82	6	6	0	Bergen, Norway	Bergen, Norway
Berkeley	195	11	10	1		Name
Berkeley Square	9	2	2	0		
Berks County	7	5	3	0		
Berlin	224	59	47	0		
Bermuda	40	22	19	0		
Berne	37	6	6	0		
Bertha	34	15	15	1		
Bessie	8	6	6	1		
Bethany	14	11	10	1		
Bethel	60	27	24	1		Biblical, figurative
Bethesda	14	11	9	0		
Bethlehem	162	81	55	0	Bethlehem, Israel	Bethlehem, Israel
BETSEY	5	4	4	1		
Beulah	67	16	15	1		Name
Beverly	17	9	8	1		
Bexar	10	3	2	0	San Antonio Texas	
Bible	909	338	196	1		
Biddeford	27	7	6	0	Biddeford Maine	
Biddy	5	5	5	1		
Bienville	13	4	3	0		
bilin	13	9	7	0		
Billickin	27	2	2	1		Personal name
Billingsgate	19	18	17	0		
Binghamton	5	3	3	0		
Birmingham	33	21	17	0		
Black	6	5	4	1		
Black Forest	7	5	5	0		
Black Hills	7	4	3	0		
Black River	11	6	6	0		
Black Sea	24	14	13	0		
Bladen	23	3	2	0		
Bladensburg	7	5	5	0		
Blanche	8	6	5	1		
Blithedale	24	2	2	1		Fictional
blitzen	13	9	8	0		
Bloomfield	16	7	6	0		
Blue Mountains	12	7	7	0		
Blue Ridge	72	23	15	0		
Boadicea	15	3	3	1		
Bob	8	5	5	1		
Bohea	5	4	4	0		
Bohemia	61	27	23	0	Czech Republic	Czech Republic
Bolivia	5	4	4	0		
Bombay	57	19	14	0		
Bon Homme Richard	6	2	2	1		
Bonita	64	4	4	1		
Bonn	20	7	6	0		
Book Life	6	6	5	1		
Boonsboro	17	4	2	0		
Bordeaux	42	30	25	0		
Border States	9	6	5	1		
Borghese	10	6	4	0		
Borneo	24	9	7	0		
Bornhofen	6	2	2	0		
Bosphorus	34	13	12	0		
Bostin	13	8	5	0	Boston, MA	
Bosting	9	8	8	0		
Boston	4047	465	245	0	Boston, MA	
Boston Bay	8	5	5	0		
Boston Boston	14	14	12	0	Boston, MA	
Boston Esq.	11	7	7	1		
Boston Harbor	18	12	12	0		
Boston Mass.	8	6	5	0	Boston, MA	
Boston Massachusetts	7	7	7	1		
Boston New York	7	7	7	1		
Boston Washington	7	4	4	1		
Botany Bay	25	14	12	0		
Boulevard	6	4	4	1		
Boulogne	30	17	16	0		
Bounty	5	4	4	1		
Bowie	5	5	4	1		
Boyne	11	4	4	0		
Boynton	22	6	6	1		
Braddock	5	2	2	0		
Bradford	14	2	2	1		Name
Brahma	11	7	7	1		
Brahmin	9	3	3	1		
Brainerd	19	3	3	0		
Brantford	9	2	2	0		
Brattleboro	9	4	4	0		
Brazil	87	43	36	0		
Brazos	40	10	8	0		
Breckenridge	10	5	4	1		
Bremen	30	12	11	0		
Brennus	5	2	2	1		
Brenta	10	3	3	0		
Brentford	12	3	3	0		
Breslau	6	4	3	0		
Brest	27	13	9	0		
Bretagne	11	5	5	0		
Briartown	9	2	2	0		
Bridgeport	15	5	5	0		
BRIDGEWATER	8	6	6	0		
BRIERLY	5	2	2	1		
brigantine	6	6	6	0		
Brigham	5	3	3	0		
Brighton	179	27	24	0		
Brindisi	5	4	4	0		
Brindle	5	4	4	0		
Bristol	242	41	35	0		
Britain	101	72	60	0		
Britannia	9	7	7	0	Britain	
British	7	6	5	1		
British America	8	7	7	0	United States	
Brittany	14	9	8	0		
Bro	123	7	5	1		Ha!
Bro Bro	15	2	2	1		
Broadway	8	8	6	0		
Brompton	37	7	6	0		
Bronx	18	3	2	0		
BROOK	12	6	4	1		
Brookdale	6	2	2	0		
Brookfield	9	2	2	0		
Brookline	9	6	4	0		
Brooklyn	258	94	71	0		
Brooklyn Heights	13	9	7	0		
Brookville	16	7	7	0		
Broome Street	9	4	4	0		
Brotherly Love	6	6	6	0	Philadelphia, PA	
Brownstown	15	2	2	0		
Bruin	7	3	3	1		
Brunswick	27	11	9	0		
Brussels	192	110	68	0		
Brutus	17	13	10	1		
Buckeye	7	7	6	1		
Buckinghamshire	11	5	5	0		
Buckstone	11	2	2	1		Personal name
Buddha	7	6	6	1		
Buena Vista	35	17	14	0		
Buffalo	225	67	55	0		
Bunker Hill	9	9	9	0	Bunker Hill, MA	
Burgundy	60	21	19	0		
Burley	24	2	2	1		
Burlington	29	14	14	0		
Burlington Bay	5	3	3	0		
Burmah	7	3	3	0		
Burnham	70	3	3	1		
Bush Creek	5	2	2	0		
BYRON	6	5	5	1		
Cabin	5	5	5	1		
Cadiz	53	24	22	0		
Caesar	45	35	29	1		
Caesarea	14	5	5	1		
Cain	8	8	8	1		
Cairo	152	52	41	0		
Cal	12	7	6	1	California, USA	Cal. = California
Calabar	10	2	2	0		
Calabria	21	4	4	0		
Calais	60	32	26	0		
Calaveras	26	8	5	0		
Calaveras County	23	11	8	0		
Calcutta	322	86	61	0		
Caleb	22	5	5	1		
Caledonia	12	9	9	0	Scotland	Scotland
Calhoun	6	2	2	1		
Caliban	7	7	7	1		
California	1428	239	155	0	California, USA	
Californian	6	6	6	1		
Californy	16	12	11	0	California, USA	
Callao	25	10	9	0		
Calvary	9	9	8	0	Jerusalem, Israel	Jerusalem
Cambria	10	6	6	0		
CAMBRIDGE	367	116	84	0		
Cambridge Platform	5	2	2	1		
Camden	66	27	22	0		
Cameron	13	8	8	1		
Camilla	10	6	6	1		
Camille	5	3	3	1		
Campagna	9	8	6	0		
Campania	6	3	3	0		
Cana	14	13	9	0		
Canaan	112	57	46	0	Israel	Israel
Canada	810	207	135	0		
Canady	5	2	2	0	Canada	
Canajoharie	27	2	2	0		
Cannibal Islands	14	12	11	0		
Canterbury	9	6	6	0		
Canton	158	49	41	0		
Cape	219	82	56	1		Ambiguous
Cape Clear	5	5	5	0		
CAPE COD	68	31	27	0		
Cape Eternity	5	2	2	1		
Cape Fear	40	6	6	0		
Cape Hatteras	6	4	3	0		
Cape Henry	6	4	3	0		
Cape Hope	27	15	14	0	Cape of Good Hope, South Africa	Cape of Good Hope, ZA
Cape Horn	56	33	29	0	Cape Horn, Chile	Cape Horn, Chile
Cape Palmas	13	5	3	0		
Cape Sable	5	3	3	0		
Cape Town	46	8	8	0		
Cape Verde Islands	13	2	2	0		
Cape Verds	5	3	3	0	Cape Verde Islands	
Capernaum	15	3	3	0		
Capitol	8	8	4	1		
Capitol Hill	11	6	5	0	Washington, DC	Washington DC
Capitoline	5	2	2	0		
Capitoline Hill	6	2	2	0		
Captain Gray	5	2	2	1		
captivity	44	36	33	1		
Cara	5	2	2	1		
Caraccas	10	2	2	0		
Caravajal	6	2	2	0		
Caribbean	6	4	4	0		
Caribbean Sea	7	7	6	0		
Carlisle	18	12	12	0		
Carlo	25	10	10	1		
Carlotta	103	5	5	1		
Carlotta Carlotta	5	2	2	1		
Carlton	13	7	7	1		
Carlyle	23	15	14	1		
Carmel	8	7	7	0		
Carolina	203	53	41	0	North Carolina	NC
Carolinas	17	15	12	0	North Carolina	NC, alas
Carolinian	32	19	16	1		
Carolinians	15	6	4	1		
CARRICKFERGUS	7	3	3	0		
CARRIE	5	4	4	1		
Carrollton	9	5	5	0		
Carrolton	49	5	5	0		
Carson	6	2	2	1		
Carson City	10	4	2	0		
Carteret	63	2	2	0		
Carthage	51	33	28	0	Tunis	Tunis, Tunisia
Casa	12	2	2	1		
CASTILE	63	22	19	0	Castile, Spain	Castile, Spain
Castine	54	3	3	0		
Castle	5	3	3	1		
CASTLEREAGH	49	2	2	0		
Catacombs	5	4	4	1		
CATALINA	19	2	2	0		
Catalonia	8	3	3	0		
CATANIA	41	2	2	0		
Catawba	28	18	15	0		
Catharine	7	5	5	1		
Cato	67	25	21	1		
Catskill	23	11	10	0		
Catskill Mountains	6	6	6	0		
Catskills	8	7	5	0	Catskill Mountains	
Caucasus	21	10	7	0		
Cawnpore	17	2	2	0		
Cayuga	13	5	5	0		
Cecil	8	3	3	1		
Cedar	10	8	8	1		
Cedar Creek	7	4	3	0		
Cedar Grove	5	3	3	0		
Celestial City	42	13	11	1		
Celestial Country	8	2	2	1		
Central Africa	11	9	9	0	Congo	Congo
Central America	41	19	17	0		
Central Park	26	20	16	0		
Centreville	110	12	9	0		
Ceres	34	20	17	1		
Chagres	40	13	11	0		
Chalmette	7	3	3	0		
Chambersburg	7	2	2	0		
Chamouni	24	12	11	0		
Champe	8	3	3	0		
Champlain	10	5	5	0		
Chancellorsville	127	16	12	0		
Chancellorville	6	3	3	0	Chancellorsville	Chancellorsville
Chancery	8	6	6	0	London	London
Chancery Lane	5	2	2	0	London	London
Chantilly	10	8	5	0		
Chapel	16	12	12	1		
Charity Hospital	6	4	4	1		
Charlemagne	15	9	9	0		
Charlemont	17	2	2	0		
Charles	18	12	12	1		
Charles City	13	5	2	0		
Charles River	15	11	11	0		
Charleston	784	130	87	0		
Charleston Hotel	6	4	2	1		
Charleston South Carolina	19	15	14	0		
Charlestown	98	39	34	0	Charleston South Carolina	
Charlestown Neck	6	2	2	0	Charlestown, Boston, MA	Charlestown, Boston, MA
Charley	9	7	6	1		
Charlotte	951	54	46	1		Almost always a name
Charlotte Bronté	6	2	2	1		
Charlotte Charlotte	81	16	15	1		
Charlotte Charlotte Charlotte	15	6	6	1		
CHARLOTTE CUSHMAN	5	5	5	1		
Charlottesville	11	8	7	0		
Charon	7	4	4	0		
Chartres	11	7	6	0		
Chatham	80	44	33	0		Ambiguous, but leaving in
Chatham Square	19	9	8	0		
Chatham Street	22	12	11	0		
Chatsworth	6	2	2	0		
Chattahoochee	13	3	2	0		
Chattanooga	39	8	6	0		
Chaudiere	10	2	2	0		
Chelonians	6	2	2	1		
Chelsea	7	7	7	0		
Cheltenham	20	2	2	0		
Cheops	15	9	9	1		Mostly name, not pyramid
Cherbourg	5	5	4	0		
Chesapeake	66	35	22	0		
Chesapeake Bay	25	16	12	0		
Cheshire	36	9	8	0	Cheshire West and Chester, England, UK	County in England
Chester	29	16	15	0		
Chesterfield	26	22	20	0		
Chesterton	26	2	2	0		
Chestnut	19	11	7	1		Ambig
Chiaja	7	2	2	0		
Chicago	237	84	62	0		
Chickahominy	66	13	9	0		
Chickamauga	13	6	6	0		
Chihuahua	5	2	2	0		
Chile	111	58	44	1		Dialect "Child"
chile chile	8	4	4	1		
chile chile chile	8	5	5	1		
Chili	10	6	6	1		
Chimney Rock	21	3	3	0		
china	659	284	184	0		
China China	8	3	3	1		
China Sea	5	4	4	0		
Chinese	9	9	9	1		
Chippewa	43	11	11	0		
Chittagong	5	2	2	0		
Chocorua	12	2	2	0		
Christendom	228	143	109	1		
Christian	10	9	9	1		
Church England	10	4	4	1		
CHURCHILL	10	4	4	0		
Cicero	36	28	25	1		
Cilicia	7	5	5	0		
Cincinnati	411	126	82	0		
Cincinnati Ohio	6	6	6	0		
Cinderella	14	13	12	1		
Circassia	21	13	12	0		
Circassian	8	6	6	1		
Circean	5	5	5	1		
city	78	51	43	1		
City Hospital	6	6	6	1		
City Mexico	5	3	3	0		
CIV	7	7	7	1		
Civita Vecchia	11	6	6	0		
Clapham	6	2	2	0		
Clara	755	87	57	1		
Clara Clara	21	16	13	1		
Clara Clara Clara	5	4	4	1		
CLAREMONT	26	2	2	0		
Clarendon	24	9	9	0		
Clarinda	7	3	2	0		
Cleaveland	25	3	2	0	Cleveland	Spelling
Cleopatra	6	6	6	1		
Clermont	23	5	5	1		Ambig and name
Cleveland	174	40	31	0		
Cleveland Cleveland	8	3	3	0	Cleveland	Cleveland
Cleveland Ohio	5	3	3	0		
Clifford	19	6	6	1		
Clifton	11	6	6	0		
Cloisterham	111	2	2	1		Fictional (for Rochester, England)
Clonmel	6	3	3	0		
Coast	7	6	5	1		
Cobb	9	5	4	1		
Cochin China	7	4	4	0	Vietnam	Cochinchina = Vietnam
Colburne	17	2	2	1		Personal name
Colchester	37	5	5	0		
Cold Harbor	15	3	2	0		
Coleridge	8	8	8	1		
Colmar	17	2	2	0		
cologne	82	48	41	0		
Colombia	23	2	2	0	Columbia	Spelling
Colombo	16	8	6	0		
Colonel Beaufort	12	2	2	1		
Colonel Belleville	5	2	2	1		
Colonel Beverly	11	2	2	1		
Colorado	73	28	24	0		
Colorado River	6	3	3	0		
Columbia	22	15	15	0		
Columbia County	5	4	4	0		
Columbia South Carolina	5	4	4	0		
Columbus	159	93	68	1		Usually Christopher
Commonwealth Massachusetts	5	4	4	0	Massachusetts, USA	
CONCORD	141	39	31	0	Concord Mass.	Concord, MA
Conde	6	4	4	0		
Cone	6	3	3	0		
Coney Island	17	14	13	0		
Confederacy	7	6	6	0	#South, USA	#South
Confederate States	17	11	10	0	#South, USA	#South
Congo	43	20	18	0		
Connecticut	467	173	114	0		
Connecticut River	20	11	10	0		
Conneticut	9	2	2	0	Connecticut	
Conrad	10	6	4	1		
Constantinople	226	58	47	0	Istanbul	Istanbul
Conyngham	9	2	2	0		
Coon	6	3	3	1		
Copenhagen	43	18	16	0		
Copley	16	7	5	1		
Copperhead	31	10	10	1		
Coquimbo	5	2	2	0		
Cora	33	12	12	1		
Corfu	9	4	4	0		
Corinth	56	30	26	0	Corinth, Greece	Corinth, Greece
Corinthians	10	10	10	1		
Cork	36	12	9	0		
Cornelia	21	5	5	1		
Cornhill	7	5	5	0		
Cornish	13	7	6	1		
Cornwall	46	21	18	0	Cornwall, England	Cornwall, England
Corpus Christi	29	9	8	0		
Correggio	18	16	14	0		
Corsica	35	13	11	0		
Corunna	15	7	7	0		
CORYDON	27	11	7	0		
Costa Rica	13	2	2	0		
Cotton States	11	7	6	0	#South, USA	#South
Cottonwood	7	4	4	0		
County	36	32	29	1		
County New York	7	4	4	1		
Courtlandt	11	3	3	0		
Cove	5	4	4	1		
Covington	10	5	5	1		Ambig
Cow Bay	20	6	5	0		
Cowes	23	8	7	0		
Cowpens	9	7	5	0		
CRACOW	23	4	4	0		
Crawford	19	3	2	0		
Creek	9	6	6	1		
Creighton	8	2	2	0		
Cremona	13	4	4	1		Cremona violin
Creole	5	4	4	1		
Crescent City	15	14	13	0	New Orleans, LA	New Orleans
Crete	15	9	9	0		
Crimea	52	24	20	0		
Crissy	9	3	2	1		
Cromwell	13	12	11	1		
Croton	29	25	23	0		
Crow	11	6	4	1		
Cuba	498	138	99	0		
Cuba Cuba	10	3	3	1		
Cuban	8	6	6	1		
Culloden	16	7	7	0		
Culpeper	61	3	2	0		
Cum	6	5	4	1		
Cumberland	117	36	34	0		
Cumberland Mountains	6	6	5	0	Virginia, USA	Virginia, USA
Cumberland river	9	6	6	0		
Cumberland valley	10	3	3	0		
Cush	5	5	4	1		
Cuyahoga	31	3	3	0		
Cyclades	7	5	4	0		
Cynthia	7	3	3	1		
Cyprus	22	17	17	0		
D'Artagnan	25	3	2	0		
Dacca	5	3	2	0		
Dade	33	11	5	1		Mostly an Irish ejac, some personal name
Dahomey	21	10	8	0	Benin	Benin
Daisy	12	6	6	1		
Dallas	509	5	5	1		Almost all from R.H. Davis -Dallas Galbraith-
Dallas Dallas	76	2	2	1		
Dalton	19	6	6	0		
Damascus	257	55	44	0		
Damocles	15	15	14	1		
DANBURY	72	5	5	0		
Danes	17	11	10	1		
Dantzic	7	2	2	0	Gdansk, Poland	Gdansk, Poland = Danzig
Danube	33	18	17	0		
Danvers	15	9	8	0		
Danville	15	5	5	0		
Dar	5	5	5	0		
Darien	10	9	7	0		
Darlington	69	6	6	0		
DARWIN	5	2	2	1		
Datchery	10	2	2	1		Personal name
Dauphin	23	8	7	0		
Dayton	24	12	11	0		
Dead Sea	74	37	35	0	Dead Sea, Jordan	
Dearborn	23	5	5	0		
Decatur	21	8	7	0		
Dedham	66	5	5	0		
Deerfield	16	7	7	0		
Delaware	259	85	61	0		
Delaware Bay	6	4	4	0		
Delaware River	5	3	3	0		
Delft	6	4	3	0		
Delhi	21	6	6	0		
Delia	24	7	6	0		
Delmonico	28	19	17	0	56 Beaver St, New York, NY	56 Beaver St, NY, NY
Denmark	61	40	35	0		
Denton	16	4	4	0		
Denver	13	5	4	0		
Derienni	54	2	2	0		
Derry	29	6	6	0		
Desert	11	9	8	1		
Desert Sahara	7	5	5	0	Africa	Africa. Stupid Google.
Despond	8	7	5	1		
Detroit	110	39	30	0		
Deuteronomy	17	16	14	1		
Devil	5	5	5	1		
Devon	14	8	7	0	Devon, GB	Devon, GB
Devonshire	24	16	8	0		
Dewey	22	4	3	1		
Dewitt	6	2	2	1		
Dickens	16	16	15	1		
Dieppe	16	7	7	0		
District	25	19	16	1		
District Attorney	11	9	9	1		
District Columbia	12	12	11	0	Washington, DC	DC
Divine Providence	6	6	6	1		
Dixie	13	9	9	0	#South, USA	#South
Doc	11	2	2	1		
Dolores	8	3	3	1		
DOLOROSA	15	11	7	1		
Dolphin	13	3	3	1		
Dominican	11	7	7	1		
Donegal	21	3	3	0		
Dora	151	22	20	1		
Dorchester	15	13	13	0		
Dorset	7	5	4	0		
Dover	122	48	37	0		
Dover Street	5	5	3	0	Boston, MA	Boston, MA
Down East	14	8	7	0	Maine	Maine
Dresden	48	18	17	0		
Dublin	228	59	48	0		
Dubuque	13	5	5	0		
Dudley	11	3	2	0		
Duke	45	18	16	1		
Dunkirk	10	6	5	0		
Dunmore	9	2	2	0		
Dunstable	8	6	6	0		
Durdles	27	2	2	1		Personal name
Durham	54	18	17	0		
Düsseldorf	16	10	10	0		
Dutch	10	10	9	1		
Dutchess county	6	3	3	0		
Eagle Pass	18	2	2	0		
Earl	370	24	21	1		
Earl Leicester	6	2	2	1		
Earle	17	2	2	1		
Earles	8	3	3	1		
earnest	2011	678	310	1		
Earth	319	193	131	1		
East	625	296	178	0	#East, USA	#East
East Boston	5	3	3	0	Boston, MA	
East India	45	39	34	0		
East Indies	95	53	39	0		
East River	85	54	36	0	East River New York	East River, NY
East Room	10	5	4	1		
East Tennessee	32	11	10	0	Tennessee	Tennessee
Eastern Pennsylvania	5	4	4	0	Pennsylvania	Pennsylvania
Eastern States	39	30	26	0	#East, USA	#East
Easton	20	3	3	0		
Eastport	7	4	4	0		
Eaton	31	4	4	0		
Ebenezer	16	9	8	1		
Eblis	7	6	6	0		
Ecclesiastes	14	14	12	1		
Eda	8	2	2	1		
Eden	192	130	93	1		
Edenton	6	2	2	0		
Edgar	9	4	4	1		
Edgefield	17	2	2	0		
Edgehill	73	5	4	0		
Edinburg	8	6	5	0		
Edinburgh	54	36	32	0		
Edisto	7	3	3	0		
Edith	17	10	9	1		
Edward	34	24	20	1		
Edwin	16	10	9	1		
Effie	10	8	7	1		
Egeria	14	9	8	1		
EGLANTINE	12	5	5	1		
Egremond	18	2	2	1		
Egypt	503	250	182	0		
Ehrenstein	5	2	2	1		
El Dorado	22	21	20	1		Almost always mythical
Elba	6	6	6	0		
Elbe	10	7	7	0		
Eldorado	25	15	12	1		Mythical
Eleanor	7	4	4	1		
Eleanore	5	2	2	1		
Electra	5	4	4	1		
ELEPHANTA	5	2	2	1		
Elfrida	10	6	5	1		
Elgin	17	5	5	0		
Eliza	26	14	13	1		
Elizabeth	111	36	29	1		
Ella	110	23	19	1		
Ellen	13	9	9	1		
Ellicott	10	2	2	0		
Elliston	5	3	3	1		
Elm Grove	14	3	2	0		
Elmira	95	7	6	0		Generally NY
Elmwood	10	5	4	0		
Elsie	31	12	10	1		
Elvira	9	6	6	1		
Elwood	8	3	3	1		
Ely	5	2	2	1		
Elysian	6	6	6	1		
Elysium	16	16	15	1		
Em	15	3	2	1		
Emerald	9	2	2	1		
Emerald Isle	31	25	20	0	Ireland	Ireland
Emerson	57	20	17	1		
Emilia	5	3	3	1		
Emily	156	37	29	1		
Emma	38	16	16	1		
Emmaus	5	4	4	0	Jerusalem, Israel	Jerusalem
Emmettsburg	21	2	2	0		
Empire	10	10	9	1		
Empire City	39	29	25	0	New York City, NY	NYC
Endicott	11	4	3	0		
Enfield	9	5	3	0		
England	5526	682	325	0		
England England	5	4	4	1		
England Esq.	6	6	5	1		
England France	13	10	10	1		
Englander	5	5	5	1		
Englewood	23	2	2	0		
Enon	5	3	3	1		Ambiguous biblical
Eph	25	3	3	1		
Ephesians	12	9	9	1		
Ephesus	110	20	20	0	Selçuk, Turkey	Selcuk, Turkey
Ephraim	7	2	2	1		
Episcopal Church	5	4	4	1		
Epsom	11	9	8	0		
equator	8	7	6	1		
Erie	9	9	8	0		
Erin	7	3	3	1		
Ernest	72	18	14	1		
Ernestine	7	2	2	1		
Erskine	7	2	2	1		
Esdraelon	13	2	2	0	Jezreel, Israel	Jezreel, Israel
Esq.	28	16	15	1		
Esquimaux	6	6	6	1		
Essex	14	9	8	0		
Este	6	4	4	0		
Estella	26	3	3	1		
Estelle	17	5	5	1		
Etc.	8	8	8	1		
Eternal City	41	28	26	0	Rome, Italy	Rome, Italy
Eternity	13	12	11	1		
Ethel	37	6	6	1		
Ethiopia	22	17	14	0		
Etna	12	11	11	0	Mount Etna, Italy	Mt Etna, Italy
Eton	34	15	15	0	Eton, England	
Etta	28	5	5	1		
Euclid	44	34	27	1		
Eudocia	20	2	2	1		Name
Eudora	20	4	3	1		
Eugene	20	9	9	1		
Eugenia	104	11	11	1		
Eulalia	28	2	2	1		
Eunice	10	4	3	1		
Euphrates	31	17	16	0		
Eureka	39	7	7	1		
Europa	12	9	8	0	Europe	
Europe	3224	635	310	0		
Europe Asia	13	11	9	1		
Europe Asia Africa	6	5	5	1		
Europe Esq.	5	5	5	1		
Eusebius	14	9	8	1		
Eva	164	19	16	1		
Evans	6	2	2	1		
Evelina	33	4	4	1		
Eveline	17	4	4	1		
Evelyn	21	7	5	1		
Everett	9	5	5	1		
Everglades	13	2	2	0		
Eves	7	6	6	1		
Evesham	34	2	2	0		
Evry	12	4	4	1		Dialect every
Excelsior	15	11	11	1		
Excelsis	10	8	8	1		
Exeter	87	16	14	0		
Eyrie	39	3	3	1		
Ezra	56	5	5	1		
Fair Oaks	9	5	5	0		
FAIRFAX	616	30	23	0		
Fairfax Court-House	14	6	4	0	FAIRFAX	Fairfax, VA
Fairfax Fairfax	28	5	5	1		
Fairfield	34	10	8	0		
Fairmount	5	4	4	0		
Fairview	35	5	4	0		
Falernian	5	2	2	1		
Fall River	28	8	8	0		
Falls Niagara	9	9	9	0	Niagara Falls, NY	Niagara Falls, NY
Falmouth	45	15	14	0		
Faneuil Hall	5	2	2	0		
Fannin	5	3	2	1		
Fanny	131	45	32	1		
Far West	22	20	17	0	#West, USA	#West
Farmer Gray	12	3	3	1		
Farnham	7	2	2	0		
Farragut	12	3	3	1		Admiral Farragut
Father Antonio	5	4	4	1		
Faubourg St. Antoine	5	4	4	0		
Faubourg St. Germain	8	7	6	0		
Faubourg St. Honore	5	3	3	0		
Faust	11	10	9	1		
Fayal	8	5	5	0	Faial, Portugal	Faial, Portugal
Fayette	15	6	4	1		Ambig and name
Fayette County	5	3	3	0		
Fayetteville	6	3	3	0		
Fenelon	9	6	6	0		
Ferris	11	2	2	1		
FESTUS	8	5	4	1		
Fez	9	4	4	0		
Field	50	29	23	1		
Fire Island	9	4	4	0		
Fitchburg	8	5	4	0		
Fitzroy	5	3	3	0		
Flanders	14	12	10	0		
Flatbush	7	3	3	0		
Fletcher	9	4	4	0		
Flint	149	26	24	1		Always name
Flint Flint	14	3	3	1		
Flint Hill	8	2	2	0		
Flora	1387	103	66	1		
Flora Flora	98	13	12	1		
Flora Flora Flora	7	4	4	1		
Florence	3240	180	111	1		
Florence Florence	225	32	25	1		
Florence Florence Florence	33	15	12	1		
Florence Florence Florence Florence	6	5	5	1		
Florence Hamilton	10	2	2	1		
Florence Nightingale	12	12	12	1		
Florida	527	96	72	0		
Florida Florida	16	3	3	1		
Floridy	5	4	4	0	Florida	
Floyd	8	4	3	1		
Folkestone	36	4	4	0		
Folsom	5	3	2	0		
Fontainebleau	21	3	3	0		
Forbes	8	3	3	1		
Fort	170	38	31	1		
Fort Adams	7	5	3	0		
Fort Cumberland	9	2	2	0	Cumberland, MD	Cumberland, MD
Fort Duquesne	34	2	2	0		
Fort George	6	4	4	0		
Fort Hamilton	13	6	6	0		
Fort Hill	5	2	2	0		
Fort Kearney	5	4	4	0		
Fort Lafayette	11	6	5	0	Brooklyn, NY	Brooklyn, NY
Fort Laramie	5	4	4	0		
Fort Leavenworth	11	5	5	0		
Fort Lee	11	6	6	0		
Fort Macon	5	2	2	0		
Fort Mifflin	7	3	3	0		
Fort Moultrie	20	12	10	0		
Fort Sumter	73	37	32	0		
Fort Vancouver	5	3	3	0		
Fort Washington	30	9	9	0		
Fort Yuma	16	3	3	0		
Fortescue	7	3	3	0		
Foundling Hospital	6	4	4	1		
Fra Angelico	8	6	4	1		
France	2776	492	254	0		
France England	9	9	9	1		
France France	37	4	4	1		
France Italy	5	5	4	1		
Francisco	13	5	4	1		
Franconia	246	8	7	1		Usually name
Frank	25	18	18	1		
Frankfort	144	24	24	0	Frankfurt, Germany	Frankfurt, Germany (tiny bit of KY)
Franklin	39	36	27	1		
Franklin Square	5	3	3	0		
Franklin Street	6	5	5	0		
Frederick	5	4	4	1		
Frederick City	22	5	3	0		
Frederick County	8	3	3	0		
Fredericksburg	154	23	19	0		
Fredonia	14	2	2	1		Used fictitiously in corpus
Free States	22	16	12	0	#North, USA	#North
freehold	14	7	5	1		
Fremont	91	17	12	1		Used as name
French	90	71	62	1		
Fribourg	39	2	2	0		
Frisco	22	9	5	0	San Francisco, CA	Almost never TX
Fuller	11	2	2	1		
Fulton	56	33	26	1		Name
Fulton Street	9	8	8	0		
Gabrielle	9	2	2	1		
Gadsden	41	4	2	1		Name
Galatia	5	2	2	1		
Galena	11	5	5	0		
Galignani	7	5	5	1		A newspaper
Galilee	105	49	40	0	Israel	Israel
Galveston	84	20	17	0		
Galway	28	10	10	0		
Gambia	33	5	4	0		
Ganges	54	29	27	0	Kolkata, India	Kolkata, India; should be river, but always used in Calcutta
Ganymede	15	12	12	1		Mythical figure
Garden Eden	5	4	4	1		
Garland	25	6	6	1		Name
Garonne	11	5	5	0		
Garron	42	2	2	1		
Gate	7	6	5	1		
Gate House	5	2	2	1		
Gath	14	13	13	1		Mythic
Gaul	21	9	9	0	France	France
Gaza	8	8	8	0		
Genesee	18	11	11	0		
Geneva	164	64	51	0		
Genoa	79	30	27	0		
Gentile	13	9	9	1		
Geo	13	12	10	1		
Geoffrey	7	2	2	1		
George	34	22	20	1		
George Washington	14	12	9	1		
Georgetown	51	20	19	0	Georgetown, DC, US	DC
Georgia	337	125	95	0		
Georgiana	5	5	4	1		
German	7	6	6	1		
Germantown	35	14	12	0		
Germany	613	217	146	0		
Gethsemane	56	44	35	0	Jerusalem, Israel	Jerusalem
Gettysburg	130	27	20	0		
Gibraltar	120	54	42	0		
Gibralter	8	7	5	0	Gibraltar	
Gifford	5	3	2	1		
Gila	13	6	6	0		
Gilgal	7	5	4	1		
Ginevra	6	3	3	1		Name
Gipsy	141	19	16	1		
Glades	9	2	2	1		
Glasgow	85	28	24	0	Glasgow Scotland	
Glasgow Scotland	5	4	4	0		
Glastonbury	37	3	3	1	Glastonbury, Somerset, UK	Ignored b/c used mostly as name; else UK not US
GLENCOE	26	6	6	0		
Glendale	71	5	4	1		Ambig and often fictional
GLENVILLE	102	4	4	0		
Glenwood	100	5	5	0		
Gloria	28	15	12	1		
Gloucester	172	21	14	0		
Goat Island	22	8	8	0		
Goblin	8	3	2	1		
Golconda	34	29	28	0	Hyderabad, India	Modern Hyderabad, India
Gold Hill	6	4	3	0		
Goldsboro	26	4	4	0		
Goliad	41	4	3	0		
Goneril	22	5	5	1		
Gonzalvo	12	2	2	1		Name
Gordon	11	6	4	1		
Gordonsville	12	4	2	0		
Goree	5	2	2	1		
Gorgona	5	4	4	0		
Gorham	7	5	5	1		
GOSHEN	17	13	12	0		
Gosport	8	2	2	0		
Gotham	109	59	45	0	New York City, NY	NYC
Göttingen	18	8	7	0		
Governor Island	6	6	6	0		
Gracie	554	13	12	1		
GRACIE Gracie	58	7	6	1		
Gracie Gracie Gracie	16	5	4	1		
Grafton	37	7	5	1		
Granada	14	9	9	0		
GRANBY	32	4	3	1		Ambig and name
Grand Gulf	9	4	3	0		
Grand Lodge	29	4	3	1		Social body
Grange	6	3	2	1		
Grattan	22	2	2	0		
Gravesend	62	12	11	0		
Great	5	5	5	1		
Great Basin	5	3	3	0		
Great Britain	203	102	74	0		
Great Britian	5	4	4	0	Great Britain	Spelling
Great Manitou	9	4	4	1		A god
Great Physician	9	9	8	1		
Great Republic	11	7	6	1		
Great River	6	5	5	1		
Great Rock	8	3	3	0		
Great Salt Lake	8	7	7	0		
Great Salt Lake City	14	6	4	0	Salt Lake City	Salt Lake City
Great Spirit	167	54	43	1		
Great West	5	4	4	0	#West, USA	#West
Greatheart	5	3	3	1		
Grecian	27	25	24	1		
Grecian Archipelago	10	7	7	0	Greece	Greece
Greece	332	138	99	0		
Greeks	35	23	22	1		
Greeley	8	7	7	1		
Green	11	5	4	1		
Green Bay	10	4	4	0		
Green Mountain	12	11	9	0	Green Mountains	
Green Mountains	42	27	21	0		
Green Mountains Vermont	7	7	6	0	Green Mountains	
Green River	15	10	10	0		
Greenbush	5	2	2	0		
Greenfield	7	4	4	0		
Greenland	85	44	37	0		
Greenpoint	9	2	2	0		
Greenville	40	11	11	0		
Greenwich	65	29	24	0		
Greenwich Street	7	5	5	0		
Greenwood	34	24	20	0	Green-Wood Cemetery, Brooklyn, NY	Green-Wood Cemetery, Brooklyn, NY
Greenwood Cemetery	13	11	10	0	Green-Wood Cemetery, Brooklyn, NY	Green-Wood Cemetery, Brooklyn, NY
Grenada	48	12	12	0		
Grenoble	6	2	2	0		
Grenville	16	4	3	0		
Gretna Green	11	11	10	0		
Grey	99	17	16	1		
Grindelwald	10	3	3	0		
Groton	31	6	5	0		
Grove	8	5	5	1		
Guadalaxara	5	4	3	0	Guadalajara Mexico	Spelling
Guanaxuato	10	3	3	0		
Guatemala	6	4	4	0		
Guayaquil	5	3	3	0		
Guernsey	8	5	4	0		
Guiana	5	3	2	0		
Guido	8	6	5	1		
Guilford	19	7	7	0		
Guinea	89	58	46	0		
Gulch	10	5	4	1		
Gulf	44	36	31	1		
Gulf Mexico	42	33	26	0		
Gulf States	13	8	6	0	#South, USA	#South
Gulietta	22	2	2	1		
Ha	283	155	86	1		
Habakkuk	5	5	5	1		Name
HACIENDA	37	4	3	1		
Hackensack	13	5	5	0		
Hades	11	10	9	1		
Hagerstown	14	4	2	0		
Hague	10	4	4	0		
Haidee	17	3	3	1		
Halifax	158	40	33	0		
Halle	10	6	5	0		
Hamburg	63	25	22	0		
Hamilton	74	26	23	1		
Hamlet	5	5	5	1		
Hampden	15	8	7	0		
Hampshire	11	7	6	0		
Hampton	99	17	14	1		Ambigous and name
Hampton Court	7	4	4	0	Hampton Court Palace, East Molesey, Surrey, UK	Outside London
Hampton Roads	6	4	4	0		
Handcuffs	6	6	5	1		
HANNAH	19	8	8	1		
Hanover	48	29	24	1		Ambig
Hanover Square	10	5	5	0	Hanover Square London	Hanover Square, London
Hanover Street	13	6	4	0		
Hapsburg	5	2	2	1		
Haralson	5	2	2	1		
Harbor	17	7	7	1		
Harcourt	28	4	4	1		
Hardscrabble	6	3	3	1		
Hardy	8	4	4	1		
Harlaem	8	4	4	0	Harlem	
Harland	6	3	3	1		
Harlem	102	36	31	0		
Harlem Heights	15	2	2	0	Harlem	
Harlem River	26	9	8	0		
Harley	45	7	5	1		
Harlington	18	2	2	1		
Harpswell	14	3	2	0		
Harrisburg	63	24	21	0		
Harrisburgh	22	5	4	0	Harrisburg	
Harrisonburg	20	4	3	0		
Harrodsburg	11	3	3	0		
Harrodsburgh	7	2	2	0	Harrodsburg	
Harrow	13	4	4	1		
Harry	111	51	41	1		
Harry Gray	5	3	3	1		
Hartford	96	39	33	0		
Hartland	59	3	3	0		
Hartz	5	4	4	0	Hartz Mountains	Hartz Mountains
Hartz Mountains	6	5	5	0		
Harvey	11	4	4	1		
Hast	32	23	20	1		
Hastings	7	5	4	1		
Hatteras	13	6	6	0		
Havana	472	142	97	0		
Havanna	7	5	5	0	Havana	
Haverhill	30	2	2	1		Usually name
Haverstraw	23	4	4	0		
Haverstraw Bay	6	2	2	0		
Havre	16	13	11	0		
Havre Grace	7	3	3	0		
Hawaii	14	5	4	0		
Hawkeye	83	2	2	0	Iowa	Iowa
Haymarket	13	11	9	0		
Hayti	15	8	8	0	Haiti	Haiti
Hazelwood	5	2	2	0		
Head Haven	10	2	2	1		
Heart	5	3	3	1		
Heath	9	6	6	1		
Heaven	96	84	49	1		
Heavens	12	11	11	1		
Hebe	26	26	25	1		
Hebrew	164	84	69	1		
Hecate	10	9	9	1		
Hecuba	10	5	4	1		
Heidelberg	152	28	28	0		
Heidelburg	6	4	4	0	Heidelberg	
Heidsick	5	4	4	1		Type of wine
Heights	17	5	5	1		
HELEN	7	6	6	1		
Helena	19	9	9	1		
Hellas	9	3	3	0	Greece	Greece
Hells	6	6	5	1		
Hempstead	5	4	4	0		
Henderson	5	2	2	1		
Hendrick Hudson	5	3	3	1		
Henrico	12	4	4	0		
Henrico county	5	4	4	0		
Henrietta	8	6	6	1		
Henry	21	20	19	1		
HEPSEY	6	3	3	1		
Herbert	6	6	6	1		
Herculaneum	31	22	15	0	Ecolano, Italy	Ecolano, Italy
Hercules	29	25	24	1		
Herkimer	5	2	2	0		
Herman	7	3	2	1		
Hermione	5	2	2	1		
HERMITAGE	6	5	5	1		Used generically
Hermon	8	5	5	0	Mount Hermon, Syria	Mount Hermon, Syria
Hertfordshire	6	5	5	0		
Hessian	8	7	7	1		
Hetty	8	4	4	1		
Heywood	9	3	3	1		
Hiawatha	11	6	6	1		Usually the Longfellow poem
Hibernian	23	20	18	1		Ireland, but adj.
Hibernians	5	3	3	1		
Highland	73	42	37	1		
Highlands	54	38	31	1		Too ambig
Hill	8	6	6	1		
Hills	6	4	4	1		
Hillsboro	95	3	3	0	Hillsboro Ohio	Hillsboro, OH
Hillsdale	35	3	3	0		
Hindoo	7	5	5	1		
Hindoostan	5	4	4	0	India	India
Hindostan	18	14	13	0	India	India
Hingham	15	8	6	0		
Hingland	5	5	5	0	England, GB	Dialect England
Hobart	8	4	4	1		
Hoboken	78	45	35	0		
Holborn	10	5	5	0		
Holden	10	2	2	1		
Holies	5	5	5	1		
Holland	198	79	57	0		
Hollister	30	3	3	1		
Holliston	5	2	2	0		
Holloa	7	7	7	1		
Hollywood	7	4	3	1		Not the one in CA
Holmes	6	4	4	1		
Holy City	50	26	25	1		Ambig Rome Jerusalem Heaven etc.
Holyoke	17	5	5	0		
Holyrood	7	3	3	0		
Honduras	11	11	8	0		
Hong Kong	23	12	12	0		
Honiton	10	10	9	1		Metonymy for lace
Honolulu	44	12	10	0		
Honora	23	2	2	1		
Honoria	89	2	2	1		
Hooghly	6	3	3	0		
Hooker	15	7	6	1		
Hopedale	64	2	2	0		
Hopkinton	9	3	2	0		
Horace	5	5	5	1		
Horseneck	8	2	2	0		
Hospital	37	24	21	1		
Houghton	74	5	5	1		
Hounslow heath	5	3	3	0		
Housatonic	25	9	7	0		
Houston	70	21	15	0		
Houston Street	13	6	5	0		
Howadji	10	3	3	1		Means traveller
Howard	5	5	3	1		
Howdy	6	4	3	1		
Howth	11	7	4	0		In Ireland
Hudson	718	219	141	0	Hudson River, NY	
Hudson Bay Company	7	3	3	1		
Hudson river	75	54	42	0	Hudson River, NY	
Hudson River Railroad	16	9	7	1		
Huldah	12	4	3	1		
humankind	12	8	8	1		
Humboldt	32	15	11	0		Surprisingly often in CA
Humboldt county	6	3	2	0		
Hungary	50	32	28	0		
Hungerford	12	3	3	1		
Huntingdon	27	4	4	0		
Huntington	20	9	8	0		
Huntsville	23	4	4	0		
Huron	18	5	5	0		
Hybla	8	8	8	0	Ragusa, Italy	Ragusa, Italy
Hyde Park	24	19	16	0		
Iceland	25	19	18	0		
Ida	87	25	22	1		
Idaho	14	5	4	0		
Idumea	9	5	5	0		
Ilia	5	2	2	1		
Illinois	176	83	65	0		
India	1015	298	181	0		
Indian	91	57	47	1		
Indiana	143	81	60	0		
Indianapolis	40	10	9	0		
Indies	5	5	5	0	West Indies	West Indies
Inez	9	6	6	1		
Ingin	5	4	4	1		
Inquisition	8	8	8	1		
Inverness	11	3	3	0		
Ion	5	3	3	1		
Ionia	47	6	6	0	Izmir Province, Turkey	Izmir, Turkey
Iowa	67	34	29	0		
Iphigenia	6	4	4	1		
Ireland	887	203	130	0		
Irene	11	5	5	1		
Irish	15	15	15	1		
Irish Sea	7	4	4	0		
Irishmen	5	5	4	1		
Irkutsk	9	3	2	0		
Irvine	16	2	2	1		
Isa	46	6	6	1		
Isaac	5	2	2	1		
ISABELLA	54	9	8	1		
Isabelle	24	4	3	1		
Isadora	25	3	3	1		
Isaiah	19	16	16	1		
Island	325	129	90	1		
Island Cuba	13	9	7	0	Cuba	Cuba
Islands	86	20	18	1		
Isle	11	6	5	1		
Isle Pines	6	4	4	1		
Isles	17	14	14	1		
Islington	44	3	3	1		Place but usually used as name
Isola	106	2	2	1		
Ispahan	9	3	3	0		
Israel	939	194	129	0		
Israel Israel	55	4	4	0	Israel	
Israel Israel Israel	17	2	2	0	Israel	
Israel Putnam	15	4	4	1		
Italia	6	6	6	0	Italy	Italy
Italian	5	5	5	1		
Italy	1487	370	215	0		
Italy Florence	6	2	2	0		
Ithaca	16	8	7	0		Tricky equal measures NY and Greece
Ithuriel	18	16	16	1		
Ivy Cottage	5	3	2	1		
Jackson	21	9	7	1		
Jacksonville	9	5	5	0		
Jaffa	38	6	5	0	Tel Aviv, Israel	Tel Aviv
Jalapa	19	4	4	0	Xalapa, Mexico	Xalapa, Mexico
Jamaica	245	72	51	0		
James City	6	3	2	0		
James River	66	29	22	0		
Jamestown	115	15	13	0	Jamestown, VA	Jamestown, VA
Jane	8	8	7	1		
Janiculum	5	3	3	0		
Japan	129	56	41	0		
Java	10	6	6	0	Java, Indonesia	Java, Indonesia
Jefferson	23	19	17	1		
Jeffersonville	7	4	3	0		
Jem	7	5	4	1		
Jephthah	6	5	5	1		
Jer	7	2	2	1		
Jericho	111	64	50	0	Israel	Israel. Stupid Google
Jersey	180	84	64	0	New Jersey, USA	New Jersey
Jersey City	65	38	32	0		
Jerusalem	779	192	133	0	Jerusalem, Israel	Jerusalem, Israel
Jerusalem Jerusalem	6	6	6	0	Jerusalem, Israel	
Joe	10	9	8	1		
Johnsonville	7	2	2	0		
Jones	7	5	5	1		
Jonesville	13	2	2	0		
Joppa	31	11	10	0	Tel Aviv, Israel	Tel Aviv
Jordan	316	104	78	0		
Jordan Jordan	5	4	4	1		
Joseph	7	7	6	1		Name
Jotham	8	5	5	1		
Juba	102	18	17	1		Name
Juba Juba	9	4	4	1		
Judas Iscariot	12	10	9	1		
Judea	119	60	49	0	Israel	Israel
Julesburg	7	2	2	0		
Julia	38	18	14	1		
Jungfrau	20	8	7	0	Jungfrau, Switzerland	
Juniata	21	6	6	0	Juniata Pa	Juniata, PA
Jupe	8	3	3	1		
Jupiter	10	9	8	1		
Jura	34	10	10	0		
Kaaba	6	5	5	0	Mecca	Mecca
Kaintuck	11	9	8	0	Kentucky	Kentucky
Kaintucky	6	3	3	0	Kentucky	Kentucky
Kamschatka	5	5	5	0		
Kamtschatka	16	8	7	0		
Kanaka	5	3	3	1		
Kanawha	10	6	6	0	Kanawha River	Kanawha River
Kansas	201	48	37	0		
Kansas City	5	3	3	0		
Kaskaskia	23	2	2	0		
Katy	13	8	8	1		
Kedron	5	5	5	0	Kidron, Israel	Kidron, Israel
Keene	7	2	2	1		
Kenilworth	12	4	4	1		
Kennebec	38	12	12	0		
Keno	7	3	2	1		
Kensington	12	6	5	0		
Kentucky	818	144	99	0		
Kentucky Kentucky	6	4	3	1		
Kentucky River	11	4	4	0		
Keokuk	7	3	3	0		
Kernstown	15	4	2	0		
Kew	13	3	3	0		
Key West	10	7	6	0		
Khorassan	5	2	2	0	Iran	Iran
Kilkenny	6	5	5	0		
Killarney	33	12	11	0		
Kinderhook	10	2	2	0		
KING	7	2	2	1		
King Louis	14	5	5	1		
Kingsbridge	14	4	3	0		
Kingston	56	27	24	1		Hopelessly ambiguous
Kittery	16	3	3	1		
Knightsbridge	6	3	3	0		
Knoxville	32	10	9	0	Knoxville Tennessee	
Knoxville Tennessee	6	4	4	0		
Koran	5	4	4	1		
Labrador	8	7	7	0		
Lachine	11	3	3	0		
Lackland	19	2	2	0		
Laconia	54	4	4	0		
Lacy	14	4	4	1		
Lady Augusta	7	3	3	1		
Lady Clara	8	2	2	1		
Lady Grace	11	4	4	1		
Lady Suffolk	6	3	3	1		
Lafayette	88	47	43	1		Usually name
Lafayette Square	5	3	2	0		
Lafourche	25	3	3	1		Mostly name
Lagrange	17	4	4	0		
Lahaina	10	2	2	0		
Lake	142	65	57	1		
Lake Champlain	32	16	16	0		
Lake Como	9	3	3	0		
Lake Erie	50	35	31	0		
Lake Geneva	7	7	6	0		
Lake George	45	23	21	0		
Lake Michigan	13	8	7	0		
Lake Ontario	17	12	12	0		
Lake Ponchartrain	7	7	5	0		
Lake Superior	9	8	8	0		
Lake Tahoe	10	4	3	0		
LAKE WINNIPISEOGEE	5	4	4	0		
Lancaster	31	18	17	0		
Lane	15	10	9	1		
Languedoc	25	4	4	0	France	France
Laocoon	10	7	7	1		
Lapland	27	22	21	0	Finland	Finland
Laredo	9	2	2	0		
Larne	19	3	2	1		
Latakia	7	4	4	0		
LATIN	43	34	28	1		
Laura	58	15	14	1		
Laurel Hill	6	5	5	0		
Laurens	5	2	2	1		
Lausanne	18	7	7	0		
Lavington	23	3	2	0	Lavington, England	Lavington, England
Lavinia	5	3	3	1		
Lawrence	7	4	4	1		
Lealands	9	2	2	0		
Lear	10	7	6	1		
Leavenworth	6	5	4	0		
Lebanon	163	49	42	0		
Ledge	12	7	7	1		
Lee	22	9	6	1		
Leelinau	20	2	2	1		
Lees	15	12	11	1		
Leesburg	46	6	4	0	Leesburg, VA	Leesburg, VA
Leicester	298	9	9	0		
Leicester Leicester	9	2	2	1		
Leicester Square	5	3	3	0		
Leila	20	4	3	1		
Leipsic	27	12	11	0	Leipzig	Spelling
Leipzig	21	3	3	0		
Lelia	11	5	4	1		
Lenox	104	9	9	1		Mostly name
Leoline	7	2	2	1		
Leon	7	3	3	1		
Leonard	8	4	3	1		
Leonora	7	6	6	1		
Lethe	48	46	39	1		
Leviathan	7	3	3	1		
Leviticus	10	8	8	1		
Lewisburg	29	5	5	0		
Lewiston	43	10	10	0		
Lexington	153	70	51	0	Lexington, MA	Lexington, MA (some KY, but usually specified)
Lexington Avenue	11	2	2	0	Lexington Ave, New York, NY	Lexington Ave, NY, NY
Lí	6	2	2	1		
LIBBY	6	6	6	1		
Liberia	158	27	25	0		
Libery	9	5	4	1		
Lida	16	2	2	1		
Liege	43	6	6	0		
Lillian	13	3	3	1		
LILLIE	6	5	5	1		
Lilliput	6	5	5	1		
Lily	43	8	8	1		
Lima	58	20	17	0		
limekiln	9	5	5	1		
Limerick	52	19	14	0		
Lincoln	64	29	26	1		
Lincolnshire	39	9	8	0		
Linda	11	3	3	1		
Lionel	8	3	3	1		
Lisbon	79	24	21	0		
Lisle	62	10	9	1		
Lisle De Lisle	5	3	2	1		
Litchfield	26	4	4	0		
Lithuania	15	2	2	0		
Little Britain	5	2	2	1		
Little River	29	5	3	0		
Little Rock	14	7	6	0		
Littleton	15	7	7	1		Ambig and sometimes name
Liverpool	8	7	7	0		
LIZZIE	9	6	6	1		
Llangollen	7	2	2	0		
Lloyd	5	2	2	1		
Lo	23	19	16	1		
Lochiel	8	6	6	1		
Lockport	7	5	5	0		
Lodge	22	8	7	1		
Lodi	12	9	8	0		
Logan	344	20	16	1		
Logan Logan	27	7	5	1		
Loire	23	12	9	0		
Lola	98	6	6	1		
Lollards	8	2	2	1		
Lombardy	51	44	38	0		
London	3389	460	239	0		
LONDON Bart.	7	2	2	1		
London Bridge	19	16	12	0		
London England	6	6	6	0		
London Esq.	12	10	9	1		
London London	5	5	5	0	London	
London Paris	6	6	6	1		
LONG	18	6	6	1		
Long Branch	63	19	18	0		
Long Bridge	13	9	8	0		
Long Island	223	90	63	0		
Long Island Sound	14	12	12	0		
Long Wharf	13	12	11	0	Long Wharf, Boston, MA	Long Wharf, Boston, MA
Longfellow	82	58	47	1		
Longinus	6	4	4	1		
longitude	9	8	8	1		
Longstreet	19	4	3	1		
Lord	231	155	108	1		
Lord Baltimore	13	6	6	1		
Lord Chesterfield	11	10	9	1		
Lord Fairfax	81	3	2	1		
Lord Grey	8	4	3	1		
Lord Harcourt	5	2	2	1		
Lord Huntington	18	2	2	1		
Lord loveth	5	5	5	1		
Lord North	5	3	3	1		
Lord Palmerston	15	4	4	1		
Lord Percy	6	2	2	1		
Lord Strafford	8	2	2	1		
Loretto	15	10	9	1		
Lorraine	5	3	3	0		
Los Angelos	7	2	2	1		
Lou	5	4	4	1		
Loudon	9	5	5	0		
Loudon Heights	25	3	3	0		
Louis	282	61	47	1		
Louis XIV.	9	7	7	1		
Louis XV	5	5	5	1		
Louisa	33	14	14	1		
Louisburg	6	4	3	0		
Louise	12	7	7	1		
Louisiana	528	129	91	0		
Louisville	111	40	29	0	Louisville Kentucky	Louisville, KY
Louisville Kentucky	9	9	8	0		
Louisville Ky.	5	5	4	0	Louisville Kentucky	Lousiville, KY
Louvre	73	38	36	0	Musée du Louvre, Paris, France	Musee du Louvre etc.
Lowell	17	13	11	0		
Lower California	6	3	3	0	California, USA	California, USA
Lower Town	15	3	2	1		
Lowland	7	4	3	1		
Lowlands	5	4	2	1		
Lowndes	9	3	3	1		
Loyola	29	12	12	1		
Lucca	9	6	6	0		
Lucerne	32	7	7	0		
Lucia	135	12	10	1		
Lucina	5	2	2	1		
Lucknow	11	4	4	0		
Lucullus	7	3	3	1		
Lucy	57	26	22	1		
Luigi	5	2	2	1		
Luke	6	6	6	1		
Lunnon	11	5	5	0	London	Dialect London
Lunnun	14	7	7	0	London	Dialect London
Luxembourg	20	10	9	0		
Luzerne	11	3	3	0	Lucerne	Lucerne
Lycidas	6	4	3	1		
Lydia	17	12	11	1		
Lynch	9	4	4	1		
Lynchburg	53	14	8	0		
Lyndhurst	81	4	4	0		
Lynn	11	10	9	1		
Lyon	146	18	12	0		
Lyon Lyon	12	5	3	1		
Mabel	7	4	4	1		
Macao	59	5	5	0		
Macbeth	6	6	6	1		
Macedonia	9	5	5	0		
Macon	37	9	9	0	Macon Georgia	Macon GA
Macon Georgia	5	5	5	0		
Macroom	7	2	2	0		
Madagascar	21	18	17	0		
Madame	10	7	6	1		
Madeira	166	82	62	0		
Madison	28	16	15	1		
Madison Square	6	5	3	0		
Madras	38	25	21	0		
Madrid	120	42	38	0		
Magdalen	17	9	8	1		
Magdeburg	9	5	4	0		
Magnolia	10	4	4	1		
Mahala	8	2	2	1		
Mahomet	8	8	8	1		
Mahometan	13	8	7	1		
Maidstone	11	5	4	0		
Main	8	7	6	1		
Maine	494	181	122	0		
Maine Law	5	2	2	1		
Mainz	5	3	3	0		
majorca	5	4	4	0		
malacca	18	10	7	0		
Malaga	23	14	14	0		
Malmaison	27	8	8	0	Malmaison, France	Malmaison, France
Malta	76	22	17	0		
Malvern	27	3	3	0		
Malvern Hill	25	8	5	0		
Manassas	249	26	19	0		
Manassas Junction	5	4	4	0	Manassas	Manassas, VA
Manchester	54	36	30	0		
Manchester England	5	4	4	0		
Mandeville	89	7	7	1		
Mandeville Mandeville	5	2	2	1		
Manhattan	39	21	19	0		
Manhattan Island	13	12	11	0	Manhattan	Manhattan, NY
Manhattanville	5	5	5	0		
Manilla	28	13	12	0		
Manitou	49	15	14	1		A god
mankind	613	335	207	1		
Manlius	7	3	3	1		
Manor	17	6	6	1		
Mansfield	14	6	6	0		
Mantua	10	10	9	0		
Maple Hill	5	3	2	0		
Mapleton	71	4	4	1		Fictional or ambig
Marblehead	28	11	10	0		
Margate	21	11	9	0	Margate, Kent, UK	Margate, Kent, UK
Maria	19	10	8	1		
Marlborough	22	16	15	0		
Marmora	7	4	4	0	Sea Marmora	Sea of Marmora
Marseilles	206	76	55	0		
MARSHALL	5	3	3	1		
Marshfield	22	4	4	0		
Martigny	24	3	3	0		
Martinique	26	7	7	0		
Martinsburg	87	9	5	0		
MARY	7	7	7	1		
Maryland	379	103	66	0		
MARYLAND HEIGHTS	18	6	4	0		
Marysville	21	6	5	0		
Masonic	6	3	2	0		
Mass	6	5	4	1		
Mass.	13	9	7	0	Massachusetts	MA USA
Massachusetts	585	217	145	0		
Massachusetts Bay	30	16	13	0		
Massaroni	56	2	2	1		Personal name
Massasoit	6	5	5	0		
Matagorda Bay	6	2	2	0		
Matamoras	8	4	4	0		
Matanzas	29	7	6	0		
Matilda	12	9	8	1		
Matthew	15	8	6	1		
Maud	18	6	5	1		
Mauritius	11	6	5	0		
Max	11	6	6	1		
Maxwell	6	2	2	1		
Mayfair	6	4	4	0		
Maysville	13	4	4	0		
Maywood	6	2	2	0		
Meadow Brook	17	2	2	0		
Mecca	33	23	22	0		
Mechlin	6	6	6	0	Mechelen, Belgium	Mechelen, Belgium
Mecklenburg	6	3	2	0		
Medford	12	7	7	0		
Mediterranean	244	109	72	0	Mediterranean Sea	Med Sea
Mediterranean Sea	11	11	10	0		
Medway	14	4	4	0		
Melbourne	131	17	14	0		
Melpomene	6	4	4	0		
Melun	5	4	4	0		
Melville	36	8	8	1		
Memphis	120	38	29	0		
Mendon	22	4	4	0	Mendon, France	Mendon, France
Mercer	17	5	4	1		
Meredith	6	2	2	1		
Meredith Bridge	9	3	3	0	Laconia	Now Laconia, NH
Merrie England	9	6	4	0	England	England
Merrimac	5	5	5	0	Merrimack river	Merrimack River
Merrimack	6	5	5	0	Merrimack river	Merrimack River
Mesopotamia	10	10	10	0	Iraq	Iraq
Meta	13	4	4	1		
Metamora	7	4	4	1		
Metamoras	6	3	3	1		
Mexican	11	6	5	1		
Mexico	696	179	115	0		
Miami	18	6	6	0		
Michigan	99	50	42	0		
Midas	11	10	9	1		
Middle	11	7	7	1		
Middle Ages	11	11	10	1		
Middle States	28	24	19	1		
Middle Street	5	2	2	1		
Middleburg	14	4	2	0		
Middlesex	5	5	5	0		
Middletown	12	7	6	0		
MidLothian	6	4	3	0		
Miggles	6	2	2	1		Name
Milan	138	42	36	0		
Milesian	5	5	5	1		
Milford	336	10	8	1		
Milford Milford	14	3	2	1		
Millbrook	94	3	3	0		
Milledgeville	8	5	5	0		
Millville	7	3	3	0		
Millwood	13	3	2	0		
Milly	14	5	4	1		
Milton	43	19	18	1		
Milwaukee	8	6	5	0		
Milwaukie	6	4	4	0	Milwaukee	Milwaukee
Minden	15	2	2	0		
Minerva	18	15	12	1		
Mingo	13	6	5	1		
Minnesota	73	30	23	0		
Minot	123	4	4	1		Usually name
Mirabeau	24	3	3	0		
Miranda	12	5	5	1		
Mirandola	15	3	3	0		
Mis	5	3	2	1		
Misenum	10	2	2	0		
Miss Fairfield	6	2	2	1		
Miss Florence	6	2	2	1		
Miss Virginia	8	3	3	1		
Miss Woodville	16	3	3	1		
Miss.	66	53	42	0	Mississippi	Mississippi
Mississippi	795	243	157	0		
Mississippi river	44	29	23	0		
Mississippi Valley	10	10	7	0		
Missouri	311	94	72	0		
Missouri river	14	11	11	0		
Mme	14	7	7	1		
Moab	14	10	9	0	Jordan	Jordan
Modena	7	6	6	0		
Mogadore	16	3	3	0		
Mohammedan	6	6	6	1		
Mohawk	41	15	15	0	Mohawk River	Mohawk River
Mohawk River	6	4	4	0		
Mohawk Valley	9	4	4	0		
Mokelumne	9	3	3	0	Mokelumne Hill	Mokelumne Hill, CA
Moll	7	6	6	1		
Monclova	6	2	2	0		
Moncrieffe	10	2	2	1		
Moncton	11	2	2	0		
Monmouth	94	18	16	1		Ambig and name
Mono Lake	11	2	2	0		
Monocacy	8	6	5	0	Monocacy River	Monocacy River
Monongahela	80	24	21	0	Monongahela river	Monongahela River
Monrovia	30	3	2	0	Monrovia, Liberia	Monrovia, Liberia
Mons	78	27	26	0		
Montague	23	13	13	1		
Montana	17	8	5	0		
Montauk	6	2	2	0		
Montcalm	22	10	8	0		
Monte	5	4	4	1		
Monte Rosa	19	2	2	0	Monte Rosa, Switzerland	Monte Rosa, Switzerland
Monterey	74	21	19	0		
Montezuma	14	8	8	1		
Montezumas	9	9	8	1		
Montgomery	113	41	32	1		Usually name
Montgomery Street	9	4	3	0		
Monticello	8	5	4	0	Charlottesville	Charlottesville
Montmartre	13	3	3	0	Paris, France	Paris, France
Montmorenci	13	6	5	1		Ambig and name
Montpelier	18	8	8	0		
Montreal	268	62	53	0		
Montreux	11	2	2	0		
Montrose	198	18	14	1		Mostly name
moon	1952	666	337	1		
Moontown	8	2	2	0		
Moreland	44	6	5	1		
Morelos	13	2	2	1		Name
Moreton	8	2	2	1		
Morgan	37	15	12	1		
MORLEY	9	2	2	1		
Mormon	10	6	5	1		
morocco	183	116	79	0		
Morristown	23	5	5	0		
Morton	5	2	2	1		
Mortons	17	6	5	1		
Morven	5	2	2	1		
Mosby	24	4	3	1		
Moscow	35	24	21	0		
Moselle	14	10	9	0	Moselle France	Moselle France
Moses	31	24	22	1		
Mother Church	22	15	14	1		
Mother Earth	10	8	6	1		
Mother Goose	6	5	5	1		
Mother Superior	6	5	5	1		
Moultrie	26	5	5	0	Fort Moultrie	Fort Moultrie
Mount	34	30	27	1		
Mount Ararat	6	6	6	0	Mount Ararat, Turkey	In Turkey
Mount Auburn	21	14	13	0		
Mount Blanc	6	5	5	0		
Mount Calvary	12	12	9	0	Jerusalem, Israel	Jerusalem
Mount Carmel	7	5	5	0		
Mount Etna	24	6	6	0	Mount Etna, Italy	
Mount Hermon	5	3	3	0	Mount Hermon, Syria	Mount Hermon, Syria
Mount Holyoke	12	8	8	0		
Mount Ida	26	3	3	0		
Mount Jackson	8	4	2	0		
Mount Lebanon	16	5	5	0		
Mount Moriah	15	5	4	0		
Mount Olives	15	11	10	0		
Mount Olivet	14	4	4	0		
Mount Pisgah	5	5	5	0		
Mount Shasta	49	3	3	0		
Mount Sinai	18	16	15	0		
Mount Tabor	12	6	5	0	Mount Tabor, Israel	Mount Tabor, Israel
Mount Transfiguration	5	4	3	0	Mount Tabor, Israel	Mount Tabor, Israel
Mount Vernon	41	22	20	0	Mount Vernon, VA	Mount Vernon, VA
Mount Vesuvius	16	12	12	0	Mount Vesuvius, Italy	Mt Vesuvius, Italy
Mount Washington	41	15	14	0	Mount Washington, NH	Mt Washington, NH
Mount Zion	26	22	18	0	Mount Zion, Jerusalem, Israel	
Mountain	53	24	23	1		
Mountains	33	29	27	1		
Mozambique	6	2	2	0		
Mrs.	14	10	7	1		
Mrs. Gray	7	4	3	1		
Mud Springs	7	3	2	0		
Mungo	41	2	2	1		
Mungo Park	7	4	4	1		
Munich	34	18	17	0		
Munster	9	5	5	0		
Murfreesboro	18	5	5	0		
Murray	6	5	5	1		
Muskingum	13	5	5	0		
myrtle	12	10	10	1		
Mystic	15	6	6	1		
Nacogdoches	39	5	5	0		
Nadab	17	3	3	1		Biblical name
Nahant	53	34	29	0		
Nain	12	10	9	0	Nein, Israel	Nein, Israel
Nan	11	5	4	1		
Nankin	59	7	6	0	Nanking	Nanking
Nanterre	7	2	2	0		
Nantes	8	2	2	0		
Nantucket	215	26	21	0		
Naples	561	125	90	0	Naples, Italy	Naples, Italy
Napoleon	5	5	5	1		
Nashua	5	5	5	0		
Nashville	114	28	21	0		
Nassau	86	36	27	0	Nassau Street, New York, NY	Nassau Street, NYC. Some variety, but not much
Nassau Street	16	8	7	0	Nassau Street, New York, NY	Nassau Street, NYC
Nat	6	3	3	1		
Natchez	114	31	26	0		
Natchitoches	49	4	4	0		
Naugatuck	10	5	5	0		
Nauvoo	57	8	7	0		
Navarre	65	19	15	0	Navarre, Spain	Navarre, Spain
Nazareth	167	71	55	0		
Neander	20	6	5	0		
Neapolitan	8	6	6	1		
Nebraska	24	14	12	0		
Nebuchadnezzar	6	6	6	1		
Neck	27	10	9	1		
Neckar	12	4	4	0		
Ned	16	12	11	1		
Nell	5	4	4	1		
Nellie	12	7	7	1		
Nelly	21	10	10	1		
Nelson	12	9	8	1		
Neptune	190	102	75	1		
Nero	11	5	5	1		
Nessus	6	6	6	1		
Netherlands	10	8	8	0		
Nettie	11	7	7	1		
Neuchatel	17	2	2	0		
Neuse	5	3	3	0		
Nevada	129	21	15	0		
Neversink	10	8	8	0		
Neville	22	4	4	1		
New Amsterdam	63	12	12	0	New York City, NY	NYC
New Baltimore	6	3	2	0		
New Bedford	32	16	14	0		
New Boston	56	3	2	1		Fictional use
New Brunswick	14	10	9	0		
New Castle	13	2	2	0		
New England	2009	407	224	0	#New England, USA	#NE
New England New England	6	5	4	0	#New England, USA	#NE
New England States	53	46	40	0	#New England, USA	#NE
New Englander	46	32	28	1		
New Englanders	34	26	25	1		
New Hampshire	177	77	56	0		
New Haven	148	53	44	0		
New Holland	5	5	5	0		
New Home	6	5	5	1		
NEW JERSEY	262	106	75	0		
New Jerusalem	106	65	48	1		
NEW LEBANON	7	2	2	0		
New Leon	6	3	2	1		
New London	60	14	12	0		
New Mexico	40	12	11	0		
New Milford	9	2	2	0		
New Netherlands	13	5	5	0	New York State	NYS
New Orleans	1575	296	175	0		
New Rochelle	9	5	5	0		
New South Wales	10	7	6	0		
New Utrecht	7	3	3	0		
New World	13	12	12	1		
New York	9012	712	339	0	New York City, NY	Assigned to NYC
New York Bay	13	12	11	0		
New York Boston	10	9	9	1		
New York Central	6	4	4	1		
New York City	79	53	41	0	New York City, NY	NYC
New York Esq.	21	19	17	1		
New York Esq. Esq.	6	3	3	1		
New York Florence	5	3	3	1		
New York Hotel	19	9	7	1		
New York Island	7	4	4	0	Manhattan	Manhattan
New York Ledger	6	6	5	1		
New York New York	32	29	23	0	New York City, NY	NYC
New York Philadelphia	8	8	8	1		
New York State	43	31	22	0		
New Yorker	8	8	8	1		
New Yorkers	6	6	6	1		
New Zealand	72	22	19	0		
New-England	55	30	26	0	#New England, USA	#NE
New-York	58	22	20	0	New York City, NY	NYC
Newark	129	30	25	0		
Newbern	5	2	2	0		
Newburg	10	9	9	0		
Newburgh	10	4	4	0		
Newbury	13	5	5	0		
Newburyport	26	17	13	0		
Newfoundland	171	114	85	0	Newfoundland, Canada	Newfoundland, Canada
Newmarket	9	5	3	0		
Newport	630	149	98	0	Newport Rhode Island	Minor ambig, but usually Newport, RI as resort
Newton	48	29	26	0		
Newtown	82	12	10	0		
Niagara	557	171	126	0	Niagara River	Niagara River
Niagara Falls	102	25	23	0	Niagara Falls, NY	Niagara Falls, NY
Niagara River	26	12	12	0		
Niagara Saratoga	5	4	4	1		
Nicaragua	12	5	5	0		
Niger	5	5	4	0		
Nile	7	6	6	0	River Nile, Africa	River Nile, Africa
Nina	20	9	7	1		
Ninetta	9	2	2	1		
Nineveh	33	22	20	1	Mosul, Iraq	Mosul, Iraq
Nismes	16	2	2	0	Nimes, France	Nimes, France
Nited States	6	2	2	0	United States	USA
Nobles	5	4	4	1		
Noo York	47	5	2	0	New York City, NY	NYC
Nora	22	10	9	1		
Norcross	11	2	2	0		
Norfolk	162	55	37	0		
Norfolk Island	5	2	2	0		
Norland	13	2	2	1		
Normandy	38	28	24	0		
Norristown	10	2	2	0		
North	672	215	147	0	#North, USA	#North
North Alabama	6	2	2	0		
North America	75	53	42	0		
North Beach	6	4	3	0		
North Carolina	176	61	52	0		
North Carolinian	5	3	2	1		
North Ireland	6	6	6	0		
North Mountain	8	6	2	0		
North Pacific	6	4	4	0	Pacific Ocean	Pacific Ocean
North Pole	24	24	22	0		
North River	99	62	47	1		Ambig
North Sea	12	9	8	0		
North Street	6	5	5	0		
North West	5	5	5	1		
North Yarmouth	9	3	3	0		
NORTHAMPTON	21	13	12	0		
Northeast	5	4	4	1		
Northern New York	7	6	4	0	New York State	New York State
Northern Ohio	5	5	4	0	OHIO	Ohio, USA
Northern States	90	51	39	0	#North, USA	#North
Northern Virginia	7	5	5	0		
Northfield	6	2	2	0		
Northumberland	41	15	13	0	Northumberland, England, UK	Northumberland, England, UK
Norwalk	18	5	5	0		
Norway	157	41	34	0		
Norwich	53	11	11	0		
NORWOOD	54	3	3	0		
Notre Dame	23	18	16	1		Ambig
Nottingham	14	8	8	0		
Nova Scotia	29	21	17	0		
Nubia	9	8	7	0	Egypt, Africa	Egypt
Nueces	7	2	2	0		
Nyack	91	4	4	0		
Oahu	24	4	3	0		
OAKDALE	115	5	5	0		
Oakhurst	50	5	3	1		Personal name
Oakland	36	11	7	0		
Oaks	60	8	7	1		Ambig
Oakwood	79	7	6	1		Ambig and name
Oatlands	5	2	2	0		
Oberlin	29	10	8	0		
Oberon	6	6	6	0		
Ocean	108	60	47	1		
Oceana	45	3	3	1		
Odessa	29	4	4	0	Odessa	Ukraine but ambig
Oenone	6	3	3	1		
OHIO	780	209	126	0		
Ohio River	73	44	32	0		
Oho	34	27	17	1		Exclamation
Old Bailey	10	5	5	0		
Old England	81	49	39	0	England, GB	England
Old Homestead	5	2	2	1		
Old Lone House	14	2	2	1		
Old Manse	6	2	2	1		
Old Moll	5	3	2	1		
Old Port	5	3	3	1		
Old Spain	17	10	8	0	Spain	Spain
Old Town	7	3	3	1		
Old Virginia	22	14	14	0	Virginia, USA	Virginia
Old Virginny	13	9	9	0	Virginia, USA	Virginia
Oldport	28	2	2	0		
Oldtown	26	3	2	0		
Olivia	67	9	8	1		
Olivia Olivia	9	3	3	1		
Olmutz	5	3	3	0		
Olney	9	2	2	1		Ambig and name
Olympia	20	7	6	1		
Omaha	19	13	10	0		
oman	37	29	22	1		
Oneida	15	9	9	0		
Onion River	5	3	2	0		
Onondaga	20	2	2	0		
Ontario	24	17	16	0		
Opelousas	7	4	4	0		
Opera	22	17	15	1		
Opera House	7	7	7	1		
Ophelia	11	3	3	1		
Oporto	14	9	9	0		
Orange	24	10	8	1		
Oregon	291	48	41	0		
Oregon City	35	3	3	0		
Origen	5	4	3	1		
Orinoco	5	2	2	0		
Orizaba	5	3	3	0		
Orlando	190	14	13	1		Always as name
Orlando Orlando	17	4	4	1		
Orleans	130	42	35	0		
Orson	18	10	8	1		
Osceola	30	4	4	1		Native character
Ossian	10	7	6	1		
Ossipee	9	3	3	0		
Ostend	10	3	3	0		
Oswego	10	3	3	0		
Otranto	9	5	5	0		
Ottawa	50	8	7	0		
OTWAY	15	11	10	1		
Ould Ireland	7	4	4	0	Ireland	
Overland	5	3	3	1		
Ovid	26	18	16	1		
Owen	13	3	3	1		
Oxford	162	64	49	0		
Oxfordshire	7	2	2	0		
P.M.	5	5	4	1		
P.S.	8	8	8	1		
Pa.	8	8	8	0	Pennsylvania	PA
Pacific	426	157	112	0	Pacific Ocean	Pacific Ocean
Pacific Coast	8	6	5	0	California, USA	CA
Pacific Ocean	41	29	21	0		
Pacific Railroad	14	11	10	1		
Padre	110	17	13	1		
Padua	44	15	14	0		
Paducah	22	5	5	0		
Paestum	14	8	8	0		
Paladin	5	5	4	1		
Palatinate	5	2	2	1		
Palatine	16	4	4	1		
Palermo	28	6	6	0		
palest	6	6	5	1		
Palestine	122	42	36	0	Israel	Israel
Palestrina	10	2	2	1		
palisade	28	11	10	1		
Palisades	53	21	19	0	Palisades, NY	Palisades, NY
Pallas	12	7	6	1		
Palm	43	37	33	1		
palm tree	5	5	5	1		
Palmerston	24	5	5	0		
Palmyra	21	12	12	0	Palmyra, Syria	Palmyria, Syria, though also NY
Palo Alto	17	12	11	0		
Pamlico Sound	8	3	3	0		
Panama	149	55	46	0		
Panola	17	2	2	1		
Papa	10	9	7	1		
Papacy	7	3	3	1		
Papal States	6	4	4	0	Italy	Italy
Paradise	150	108	74	1		
Paraguay	7	6	4	0		
Paramus	5	2	2	0		
Paris	3413	486	244	0		
Paris Paris	27	7	7	1		
Park	17	14	13	1		
Park Lane	16	3	2	0		
Parkersburg	5	2	2	0		
Parma	20	3	3	0		
Parson	34	17	15	1		
PARSONAGE	12	9	8	1		
Parthenon	18	10	10	0		
Partridge	13	4	4	1		
Patagonia	18	16	14	0	Patagonia, Argentina	Pategonia
Paterson	28	2	2	1		
Patmos	18	15	14	0		
patroon	50	6	6	1		
Pau	5	3	3	0		
Paul	5	4	4	1		
Paulding	19	4	3	1		
Paulo	32	3	3	1		
Pavia	5	5	5	0		
Peacham	6	3	3	1		
Pearl	43	30	26	1		
Pearl Street	14	11	10	0		
Pedlington	47	2	2	1		
Peekskill	25	7	7	0		
Pekin	27	17	16	0	Beijing, China	Beijing
Pelham	87	13	10	1		
Pembroke	12	6	6	1		
Pendleton	23	6	5	1		
Peninsula	55	25	18	1		
Peninsular	5	4	3	1		
penn	25	15	15	0	Pennsylvania	PA
Pennsylvania	549	174	120	0		
Pennsylvania Avenue	8	5	4	0		
Pennsylvany	7	6	6	0	Pennsylvania	PA
Penobscot	24	8	8	0		
Pensacola	25	8	7	0		
Pentecost	31	13	11	1		
Peoria	7	6	5	0		
Pepita	7	3	3	1		
Pequod	11	2	2	1		
Pequot	58	5	4	1		Usually the tribe used as modifier
percha	7	5	5	1		
Percy	6	4	4	1		
Père La Chaise	5	4	3	0	Pere Lachaise, Paris, France	
Peri	8	6	6	1		
Pernambuco	11	5	4	0		
Persepolis	7	2	2	0		
Persia	123	51	38	0	Iran	Iran
Persian	28	20	19	1		
Persian Gulf	9	6	6	0		
Perth	13	7	6	0		
Peru	94	41	32	0		
Perugia	19	3	2	0		
Pesth	7	2	2	0	Budapest, Hungary	Budapest
Peterborough	34	2	2	0		
Petersburg	75	20	17	0	Petersburg Virginia	Petersburg, VA (not Russia)
petersham	58	4	4	1		
Peyton	6	5	5	1		
Phelps	15	2	2	1		
Philadelfy	10	5	5	0	Philadelphia, PA	Philadelphia
Philadelphia	1506	330	180	0	Philadelphia, PA	Philadelphia
Philadelphia ESQ.	5	5	5	1		
Philadelphia Philadelphia	7	6	6	1		
Philadelphian	9	7	7	1		
Philadelphy	24	14	12	0	Philadelphia, PA	Philadelphia
Philip	237	50	42	1		
Philippi	18	10	10	0	Filippoi, Greece	Filippoi, Greece
Philippians	7	4	4	1		
Philistines	30	26	24	1		
PHILLIS	6	3	3	1		
Philly	504	2	2	0	Philadelphia, PA	Philadelphia
Phoebe	11	5	5	1		
Phoenicia	11	8	8	0	Tyre, Lebanon	Tyre
Phoenix	33	21	20	1		
Piazza di Spagna	12	7	6	0	Piazza di Spagne, Rome, Italy	Rome
Picardy	12	4	2	0	Picardy, France	Picardy, France
Piccadilly	17	10	9	0	Picadilly, London	London
Piccolomini	7	2	2	0		
Pico	17	3	3	1		
Picton	8	5	4	1		
Piedmont	27	20	17	0	Italy Piedmont	Piedmont, Italy usually
Pierian	5	5	5	1		
Pierre	22	2	2	1		
Pietro	6	4	4	1		
Pike	11	10	10	1		
Pike County	5	4	4	0		
Pincian Hill	6	4	4	0		
Pine Grove	6	2	2	1		
Pineland	25	2	2	0		
PINES	45	16	15	1		
Pineville	105	3	3	0		
Pinewood	29	2	2	1		Ambig or fictional
Pinkerton	26	2	2	1		
Pipesville	6	2	2	0		
Piraeus	14	2	2	0		
Pisa	33	14	13	0		
Pitti Palace	8	6	5	0		
Pittsburg	70	35	26	0	Pittsburgh	Spelling
Pittsburgh	72	30	22	0		
Pittsfield	11	6	6	0		
Pius	5	4	4	1		
Place Greve	9	3	3	0	4 Place de l'Hotel de Ville, Paris, France	Place de l'Hotel de Ville, Paris
Placerville	29	7	5	0		
Plainfield	8	2	2	0		
Plains	35	17	14	0	#West, USA	#West
Plato	9	8	8	1		
Platte	27	9	9	0	Platte River	Platte River
Platte River	7	5	5	0		
Plattsburgh	17	3	3	0		
Pleasant Hill	6	2	2	0		
Pleasant River	5	2	2	0		
Pleasant Valley	11	8	8	0		
Pleasanton	27	3	2	0		
Pluto	63	41	37	1		
Plymouth	78	36	30	0		
Plymouth Rock	12	11	11	0		
Poland	90	46	37	0		
Polk	14	9	9	1		
Polynesia	5	3	3	0		
Pompeii	76	36	33	0		
Pompey	32	17	17	0	Pompeii	Spelling
Pontiac	16	4	4	1		
Pontius Pilate	6	5	4	1		
Poplar Grove	5	2	2	0		
Port	63	16	16	1		
Port Hudson	46	8	7	0		
Port Praya	7	2	2	0	Praia, Cape Verde	Praia, Cape Verde
PORT REPUBLIC	55	4	2	0	Port Republic, VA	Port Republic, VA
Port Royal	11	6	6	0		
PORTAGE	42	2	2	0		
Portia	17	14	10	1		
Portici	14	5	5	0		
Portland	229	60	45	0	Portland Maine	Maine
Porto Rico	12	8	7	0	Puerto Rico	Spelling
Portsmouth	99	47	33	0		
Portugal	54	29	25	0		
Portuguese	89	26	21	1		
Posey county	5	5	5	0		
Potomac	409	95	67	0	Potomac river	Potomac River
Potomac river	11	10	9	0		
Pottsville	11	4	4	0		
Poughkeepsie	18	7	7	0		
Powhattan	6	4	4	0		
Pownal	152	3	2	0		
Prado	6	5	5	1		
Prague	29	11	11	0		
Prairies	7	7	7	1		
Pratt	5	4	4	1		
Prentiss	7	2	2	1		
Presbyterian Church	13	5	4	1		
Prescott	5	3	3	1		
Presidio	8	2	2	1		
Preston	10	3	3	1		
Prince Street	17	5	5	0		
Prince Wales	38	23	19	1		
Princeton	8	7	7	0		
Priscilla	26	5	5	1		
Provence	38	21	18	0	Mount Washington, NH	Provence, France
Providence	2405	707	338	1		
Providence Esq.	6	6	4	1		
Providence Providence	9	9	8	1		
Provincetown	15	5	5	0		
Prudy	10	2	2	1		
Prussia	88	47	38	0	Germany	Germany
Psa	37	2	2	1		
Puck	12	12	11	1		
Puebla	34	8	6	0		
Puerto Principe	11	2	2	0		
Pulaski	18	6	5	1		
Punch Bowl Hill	7	2	2	1		
Puritan	66	43	34	1		
Puritans	12	12	9	1		
Putnam	36	11	10	1		
Putney	10	3	3	0		
Pynnshurst	8	2	2	0		
Pyrenees	13	12	12	0		
Quaker City	15	10	8	0	Philadelphia, PA	Philadelphia
Quebec	360	41	35	0		
Queen City	61	12	11	1		
Queen France	13	4	4	1		
Queen Sheba	8	7	7	1		
queens	26	26	25	1		
Queenstown	29	10	10	0		
Queretaro	12	2	2	0		
QUINCY	7	3	3	1		
QUITO	6	3	2	0		
Racine	15	6	6	1		
Rainsford	28	2	2	1		
Raleigh	156	32	24	1		As often man or pub
Ralph	9	6	6	1		
Ramah	14	7	6	0	Jerusalem, Israel	Jerusalem
Rapidan	66	10	5	0		
Rappaccini	5	2	2	1		
Rappahannock	144	14	9	0		
Raritan	10	4	4	0		
Rashleigh	8	2	2	1		
Ravenna	13	7	6	0		
Ravenswood	41	12	12	1		
Rebecca	6	2	2	1		
Rectory	20	8	7	1		
Red Lion	17	3	3	1		
Red River	41	23	21	1		Ambig
Red Sea	49	44	38	0		
Redwood	5	3	3	1		
REESE RIVER	9	4	2	0		
Remsen	15	3	3	1		
Reproach	15	14	14	1		
Republic	124	71	54	1		Ambig
Republic France	15	2	2	0	France	France
Revere	5	4	4	1		
Rheims	7	4	4	0		
Rhine	214	87	72	0	River Rhein	River Rhein
Rhode Island	81	43	38	0		
Rhodes	11	8	8	0		
Rhone	38	14	14	0		
Rialto	15	9	9	0	Italy Venice	Venice
Richard	14	10	10	1		
Richelieu	7	4	4	1		
Richland	18	4	4	1		
Richmond	1131	156	99	0	Richmond Virginia	Richmond VA
Richmond Hill	10	3	3	0	Richmond Virginia	Richmond VA
Richmond Richmond	12	3	3	0	Richmond Virginia	Richmond, VA
Richmond Va.	9	8	7	0	Richmond Virginia	Richmond VA
Richmond Virginia	10	8	8	0		
Ridge	23	9	6	1		
Rio	49	17	16	0	Rio Janeiro	Rio de Janiero
Rio Grande	114	27	22	0	Rio Grande River, Texas, USA	Rio Grande River, TX, USA
Rio Janeiro	39	23	18	0		
River	50	34	28	1		
River Jordan	5	4	4	0	Jordan River, Israel	Jordan River Israel
Riverdale	89	3	3	0		
Riverside	39	6	6	1		
Rivertown	10	2	2	0		
Road	10	7	7	1		
Roanoke	34	14	11	0		
Roanoke Island	10	4	4	0		
Roaring River	12	2	2	0		
Robert	21	13	12	1		
Robespierre	164	18	14	1		
Rochambeau	11	5	5	1		
Rochester	91	37	33	0		
Rock Creek	5	3	3	0		
Rock Island	8	6	5	0		
Rockaway	23	10	10	0		
ROCKFORD	94	4	3	0		
Rockland	58	3	2	0		
Rockville	14	4	4	0		
Rocky Mountain	7	6	6	0	Rocky Mountains	Plural
Rocky Mountains	125	78	61	0		
Roland	146	12	10	1		
Roland Roland	6	3	3	1		
Rom	37	9	7	1		
Roman Church	12	11	11	1		
Roman Empire	18	16	14	1		
Roman Republic	10	6	5	1		
Romanism	86	32	25	1		
Romans	7	6	5	1		
Rome	2155	381	223	0		
Rome Rome	6	5	5	1		
Romish	10	6	6	1		
Romish Church	10	8	7	1		
Rosa	219	28	27	1		
Roscommon	8	4	4	1		
Rose Hill	8	2	2	1		
Rosecrans	5	2	2	1		
Rosedale	21	4	4	0		
Roselle	38	2	2	1		
Rosetta	90	5	5	1		
Roseville	13	3	3	0		
Roslyn	7	2	2	1		
Roswell	8	4	4	1		
Rothsay	5	3	3	1		
Rotterdam	11	9	7	0		
Rotunda	22	11	11	1		
Rouen	28	9	9	0		
Roxbury	55	28	22	0		
Royal George	7	2	2	1		
Ruby	19	5	5	1		
Rue la Paix	6	6	5	0	Rue de la Paix, Paris	Rue de la Paix, Paris
Rue Lamartine	5	2	2	0		
Rue Montmartre	5	2	2	0		
Rue Richelieu	8	6	6	0		
Rue Rivoli	6	4	4	0		
Rue St. Honoré	12	10	9	0		
Rupert	8	6	5	1		
Russell Square	6	2	2	1		
Russia	304	135	92	0		
Russian	22	11	9	1		
Russians	9	4	4	1		
Ruth	46	14	14	1		
Rutherford	5	3	3	1		
Rutland	108	7	7	1		
Sabbath	219	141	99	1		
Sabine	46	9	8	0	Sabine River, Texas	Sabine River Texas
Sachem	74	15	12	1		
Sackville	10	2	2	0		
Saco	12	6	6	0	Saco River	Saco River
Sacramento	192	40	30	0		
Sacramento City	30	2	2	0		
Sacramento river	5	3	3	0		
Sacramento Valley	7	4	4	0		
Sacristy	8	3	3	1		
Safed	8	2	2	0	Birya, Israel	Birya, Israel. Stupid Google
Sagamore	22	2	2	0		
Saguenay	25	4	3	0		
Sahara	39	35	31	0	Africa	Africa. Stupid Google
Saint-Denis	8	2	2	0		
Sal	7	6	6	1		
Saladin	11	8	8	1		
Salamanca	17	10	9	0		
Salem	184	60	51	0	Salem Mass.	Salem Mass
Salerno	10	5	5	0		
Salina	129	2	2	1		
Salisbury	9	8	8	0		
Salle	10	6	5	1		
Sallie	8	4	4	1		
Sally	10	8	8	1		
Salt Lake	48	19	13	0	Salt Lake City	
Salt Lake City	72	18	14	0		
Salt Lake Valley	5	3	3	0		
Salt River	5	3	3	0		
Saltillo	11	6	4	0		
Salvador	19	2	2	0	San Salvador	San Salvador
Salvation	5	5	5	1		
Samaria	50	17	16	0	Israel	Israel. Stupid Google
Samaritan	11	10	10	1		
Sambo	7	5	5	1		
Samoset	61	4	4	1		
Samoset Samoset	6	2	2	1		
Samson	16	14	13	1		
Samuel	5	2	2	1		
San	5	5	5	1		
San Andreas	9	2	2	0		
San Antonio	120	10	9	0	San Antonio Texas	San Antonio, TX
San Antonio Bexar	9	3	2	0	San Antonio Texas	San Antonio, TX
San Carlo	12	6	6	1		
San Carlos	14	4	4	1		
San Cristoval	5	2	2	1		
San Diego	21	9	8	0		
San Domingo	8	7	7	0	Santo Domingo, Dominican Republic	Santo Domingo, DR
San Felipe	20	3	2	0	San Felipe, TX	San Felipe, TX
San Franciscans	7	3	2	1		
San Francisco	669	104	75	0	San Francisco, CA	SF, CA
San Jacinto	12	6	5	0	Houston Texas	Houston, TX
San Jago	10	4	3	1		
San Joaquin	9	7	7	0		
San Jose	30	14	10	0		
San Juan	57	9	8	0		
San Lorenzo	19	5	5	0	San Lorenzo Cathedral, Genoa, Italy	Cathedral in Genoa
San Luis Obispo	5	3	2	0		
San Marco	19	5	5	1		Ambig and exclam
San Miguel	9	5	5	1		Ambig
San Pablo	13	3	2	1		
San Pedro	5	4	3	1		
San Quentin	7	3	3	0		
Sand Hills	6	2	2	1		
Sandhurst	6	2	2	0		
Sands	48	5	5	1		
Sandusky	22	12	11	0		
Sandwich Islands	65	36	30	0	Hawaii	Hawaii
Sanford	15	4	4	1		
Sanscrit	8	7	7	1		
Santa	15	11	10	1		
Santa Anna	49	10	9	1		
Santa Clara	15	4	4	0		
Santa Claus	152	49	41	1		
Santa Cruz	12	10	10	0		
Santa Fé	54	17	15	0		
Santa Lucia	5	2	2	0	Naples, Italy	Naples, Italy
Santa Maria	43	20	17	1		Eclam
Santee	23	7	6	1		Usually name
Santiago	19	9	7	1		Usuall name or exclam
Saone	6	3	3	0		
Sapphira	5	5	5	1		
Sapsea	8	2	2	1		
Saracen	9	8	8	1		
Saracens	11	5	5	1		
Saragossa	5	5	5	0		
Sarah	6	5	5	1		
SARATOGA	600	154	102	0	Saratoga Springs, NY	Saratoga Springs, NY despite some ambig
Saratoga Lake	9	3	3	0		
SARATOGA SPRINGS	28	10	10	0	Saratoga Springs, NY	
Sardinia	34	11	9	0		
sart	5	3	3	1		
Sassacus	18	2	2	1		
Satan	124	81	68	1		
Saugus	15	2	2	0		
Sault	12	4	4	1		
Saumur	5	3	3	0		
Savannah	234	55	43	0		
Savannah river	6	5	4	0		
Saviour	25	21	20	1		
Saxon	55	46	40	1		
Saxony	31	16	15	0		
Scandinavia	5	3	2	0	Sweden	Sweden. Stupid Google.
Schenectady	68	10	10	0		
Schuylkill	35	19	14	0	Schuylkill River	S River
Schuylkill River	5	4	3	0		
Scio	20	4	4	1		
Scituate	8	3	3	0		
Scotia	17	14	12	1		
Scotland	543	176	118	0		
SCOTT	12	11	11	1		
Scranton	70	6	6	0		
Scriptures	5	3	3	1		
SEA	62	50	43	1		
Sea Gull	35	2	2	1		
Sea Islands	5	5	5	1		Corruption of nonspecific s sea islands
Sea Lion	21	2	2	1		
Sebastopol	59	26	22	0	Sevastopol	Sevastopol, Ukraine
Secessia	16	9	6	0	#South, USA	#South
Sedgefield	5	2	2	1		
Seine	65	30	28	0		
Selma	112	5	5	1		Ambig and name
Seminole	21	7	7	0		
Seneca	141	31	30	0	Seneca, NY	Some ambig but usually Seneca NY
Seneca Lake	21	2	2	0		
Senegal	25	11	9	0		
Senegambia	5	3	2	0		
Señora	107	9	7	1		
Señorita	64	5	5	1		
Seton	18	2	2	1		
Seven Pines	13	4	3	0	Seven PInes National Cemetary	Seven PInes Nat Cemetary
Seville	58	22	19	0		
Seward	5	5	4	1		
SHAKSPEARE	156	72	58	1		
Shanghae	16	5	5	0	Shanghai	Spelling
Shanghai	46	21	17	0		
Sharpsburg	51	6	3	0		
Shasta	25	2	2	0	Mount Shasta	Mt Shasta
Shawnee	121	11	9	0		
Sheba	7	7	6	0	Yemen	Yemen
Shechem	14	2	2	0	Mount Gerizim	Mt Gerizim. Stupid Google.
Sheffield	25	11	9	1		
Shelbyville	23	5	5	0		
Shenandoah	122	23	18	0	Shenandoah River	Shenandoah River
Shenandoah Valley	37	15	11	0	Shenandoah River	Shenandoah River
Shepherdstown	9	4	2	0		
Sherman	8	5	5	1		
Sherwood	9	4	4	1		
Shiloah	5	2	2	1		
Shores	5	5	5	1		
Shreveport	32	7	5	0		
Shrewsbury	25	10	10	0		
Siam	23	22	20	0	Thailand	Thailand
Siberia	50	33	29	0	Russia	Russia
Sibley	12	3	3	1		
SIBYL	5	3	3	1		
Sicily	108	32	29	0		
Sidon	16	11	11	0	Sidon, Lebanon	Sidon, Lebanon
Siena	5	4	2	0	Sienna	Sienna, Italy
Sierra	22	5	4	0	Sierra, California	Sierra, CA. Stupid Google.
Sierra Leone	76	10	9	0		
Sierra Nevada	23	12	11	0	Sierra, California	Sierra, CA. Stupid Google.
Sierras	32	15	10	0	Sierra, California	Sierra, CA. Stupid Google.
Signora	32	5	5	1		
Signorina	10	8	7	1		
Silesia	7	6	5	0		
Siloam	10	7	7	0	Jerusalem, Israel	Jerusalem
Silver City	5	4	3	0	Silver City, NV	Silver City, NV. Some ambig
SILVIA	14	2	2	1		
Simon	8	6	6	1		
Sinai	26	19	16	0	Egypt, Africa	Egypt
Sinclair	13	4	4	1		
Sind	20	2	2	1		
Singapore	42	8	7	0		
Sioux	28	18	17	1		Always as tribe
Sisera	7	7	6	1		
Sitka	8	4	4	0		
Skowhegan	19	6	5	0		
Slade	7	3	2	1		
Slave States	11	7	6	0	#South, USA	#South
Slidell	5	5	5	0		
Sligo	11	5	4	0		
Smiley	13	5	3	1		
Smith	8	6	6	1		
Smithville	120	5	5	0	Smithville, TN	Smithville, TN (also some OH and others)
Smyrna	115	25	23	0	Smyrna, Turkey	Smyrna, Turkey
Socrates	59	35	29	1		
Solferino	9	8	7	0		
Solomon	71	50	43	1		
Somerset	26	18	18	0		
Somerville	466	11	10	1		Name
Somerville Somerville	21	3	3	1		
Sonora	47	10	8	0		
Sophia	16	12	12	1		
Sorrento	31	6	5	0		
South	2020	446	252	0	#South, USA	#South
South Africa	11	10	10	0		
South America	167	96	77	0		
South American	51	37	33	1		
South Atlantic	7	7	4	0	Atlantic Ocean	Atlantic Ocean
South Boston	15	9	4	0	Boston, MA	Boston
South Branch	8	4	4	1		
South Carolina	514	104	78	0		
South Carolinian	29	15	13	1		
South Carolinians	26	15	12	1		
South Caroliny	13	3	2	0	South Carolina	SC
South Church	6	5	5	1		
south Esq.	9	6	6	1		
South France	16	14	13	0	France	France
South Mountain	20	8	6	0	Boonsboro	Boonsboro, MD
South Pacific	14	11	11	0	Pacific Ocean	Pacific Ocean
South Park	5	3	2	1		
South Pass	7	4	3	1		
South Platte	5	3	3	1		
South Sea	29	15	13	0	Pacific Ocean	Pacific Ocean
South Sea Islanders	6	6	6	1		
South Sea Islands	9	9	9	0	Polynesia	Polynesia
South Seas	14	10	8	0	Pacific Ocean	Pacific Ocean
South Side	7	6	5	1		
South Side Madeira	10	2	2	1		
South Street	13	5	5	1		
South-West	10	2	2	0	#West, USA	#West
Southampton	66	23	20	0		
Southampton Street	5	3	3	0		
Southern	23	20	20	1		
Southern Europe	13	11	10	0	Europe	Europe
Southern France	7	4	4	0	France	France
Southern Italy	9	6	5	0	Italy	Italy
Southern States	172	103	75	0	#South, USA	#South
Southron	16	10	8	0		
Southwark	12	8	8	0		
Southwest	19	13	12	0	#West, USA	#West
Spades	67	42	37	1		Colloq
Spain	665	218	144	0		
Spanish	84	55	42	1		
Spanish Town	8	2	2	0		
Sparta	94	14	14	0	Sparta, Greece	Sparta, Greece
Spartan	36	24	20	1		
Sphinx	7	7	6	1		
Sphynx	5	5	5	1		
Spithead	5	2	2	1		
Spottsylvania	13	5	3	0		
Springdale	66	3	3	0		
Springfield	114	40	30	0		
Springs	202	67	55	1		
Squaw	5	3	3	1		
Squire	167	58	44	1		
St.	6	4	4	0		
St. Agnes	17	10	10	1		
St. Alban	7	4	3	1		
St. Albans	29	10	10	0		
St. Andrew	10	7	7	1		
St. Angelo	5	5	3	1		
St. Ann	17	5	5	1		
St. Anthony	12	11	10	1		
St. Auburn	58	3	2	1		
St. Augustine	108	41	36	1		
St. Barbara	5	3	3	1		
St. Barnabas	24	4	4	1		
St. Bartholomew	19	15	15	1		
St. Benedict	8	4	4	1		
St. Bernard	18	15	15	1		
St. Catharine	8	7	7	1		
St. Catharines	6	2	2	1		
St. Catherine	5	4	4	1		
St. Cecilia	79	18	16	1		
St. Charles	39	23	16	1		
St. Clair	12	8	7	1		
St. Clare	13	5	4	1		
St. Cloud	22	9	8	1		
St. Croix	21	8	7	1		
St. Denis	13	7	7	1		
St. Domingo	36	21	20	0	Santo Domingo, Dominican Republic	SD, DR
St. Elizabeth	5	2	2	1		
St. Evremond	10	3	3	1		
St. Geneviéve	6	2	2	1		
St. George	77	46	34	1		
St. George Channel	8	2	2	1		
St. Germain	15	7	7	1		
St. Germains	7	3	3	1		
St. Gregory	18	4	4	1		
St. Helena	29	23	21	1		Ambig and nonloc
St. Ignatius	10	5	4	1		
St. Jago	19	6	5	0	Santiago, Cape Verde	Santiago, Cape Verde
St. James	34	23	21	1		
St. James Park	10	7	7	0		
St. James Square	5	2	2	0		
St. Jerome	6	5	5	1		
St. Jo	6	4	3	1		
St. John	63	29	25	1		Name
St. John Wood	7	2	2	1		
St. Johns	12	8	8	1		
St. Johnsbury	7	3	3	1		
St. Joseph	62	17	15	0		Very often indeed the city in MO
St. Lawrence	62	29	25	0	St. Lawrence river	St Lawrence River
St. Lawrence river	6	5	5	0		
St. Lazare	10	2	2	1		
St. Leger	123	5	4	1		
St. Leger St. Leger	6	2	2	0		
St. Louis	404	106	75	0		
St. Maria	5	2	2	1		
St. Mark	12	5	4	1		
St. Martin	16	10	9	1		
St. Matthew	16	14	13	1		
St. Michael	20	9	8	1		
St. Nicholas	46	24	22	1		
St. Patrick	13	8	8	1		
St. Paul	99	71	55	1		
St. Peter	154	80	66	1		
St. Petersburg	78	41	31	0		
St. Petersburgh	8	7	7	0	St. Petersburg	Spelling
St. Philip	6	6	5	1		
St. Pierre	7	6	6	1		
St. Sebastian	5	4	4	1		
St. Simon	164	5	5	1		
St. Sophia	7	4	4	1		
St. Stephen	7	4	4	1		
St. Thomas	38	19	15	1		Sometimes the island, mostly not
St. Ursula	6	6	6	1		
Sta	7	2	2	1		
Stafford	19	7	6	1		Mostly name
Staffordshire	5	4	4	0		
Stamboul	24	7	7	0	Istanbul	Istanbul
Stamford	24	6	5	1		
Staples	10	6	5	1		
State Maine	11	11	11	0	Maine	Maine
State Street	7	6	6	1		
State Virginia	7	7	6	0	Virginia, USA	Virginia
Staten Island	117	52	38	0		
States	433	196	138	0	United States	USA
STEERAGE	5	3	3	1		
Stella	30	5	5	1		
Sterling	11	4	4	1		
Steuben	17	5	5	1		
Stillwater	16	3	3	1		Ambig; NY, MN, OK, MA
Stirling	17	6	6	1		
Stockholm	17	9	9	0		
Stone Bridge	5	3	2	0	Manassas	Manassas, VA
Stone river	16	3	3	0	MURFREESBORO TENN.	Murfreesboro, TN
Stonington	27	11	10	0		
Stoughton	12	7	7	1		
Strafford	12	2	2	1		
Strait	5	4	4	1		
Strangeways	25	2	2	1		
Strasbourg	20	9	9	0		
STRASBURG	8	7	5	0	Strasbourg	Spelling
Stratford	42	11	9	1		Ambig and name
Stratford-on-Avon	5	5	5	0		
Streatham	8	2	2	0	Streatham, UK	Streatham, UK
STUART	5	4	3	1		
Sudbury	6	6	6	0	Sudbury, MA	Sudbury, MA
Sudley	12	3	2	0		
Suffolk	43	19	16	0	Suffolk, UK	Suffolk UK usually
Sulphur Springs	6	4	4	0		
Sumatra	17	12	12	0		
Sumter	86	24	24	0	Fort Sumter	Fort Sumter
Sunda	7	3	3	0	Sunda Straight, Indonesia	Sunda Straight, INdonesia
Sunnyside	136	6	5	1		
Surinam	14	5	5	0	Suriname	Suriname
Surrey	15	9	9	1		Mostly a name
Surry	18	4	4	1		Name
Susa	6	4	3	1		
Susan	17	9	8	1		
Susquehanna	90	26	23	0	Susquehanna River, USA	Susquehanna River
Sutherland	7	4	4	1		
Suthern	5	3	2	1		
Suwanee River	6	2	2	0		
Swampscott	12	2	2	0		
Swansea	6	3	3	1		US, UK, Aust
Sweden	50	24	21	0		
Sweeny	15	2	2	1		
Sweetwater	67	4	3	0	Sweetwater, NJ	NJ usually
Swiss	35	3	3	1		
Switzerland	262	132	94	0		
Sybil	7	6	5	1		
Sycamore	5	2	2	1		
Sydenham	254	11	11	1		Usually name
Sydney	136	28	26	1		Usually name
Sylvia	11	4	4	1		
Syra	11	2	2	0	Syros, Greece	Syros, Greece
Syracuse	44	21	21	0		
syren	56	41	31	1		
Syria	167	40	36	0		
Table Bay	15	6	5	0	Table Bay, Cape Town, South Africa	Table Bay, South Africa
Table Mountain	8	5	5	0		
Table Rock	16	13	12	1		Ambig
Tabor	6	2	2	1		Ambig and name
Tagus	7	5	5	0	Tagus River	Tagus River
Tahiti	15	6	5	0		
Tahoe	5	2	2	0		
Talavera	6	2	2	0		
Tallahassee	20	6	6	0		
Talleyrand	24	20	16	1		
Tamaulipas	5	5	3	0		
Tamerlane	6	5	5	1		
Tampa Bay	16	6	4	0		
Tampico	26	4	3	0		
Tamworth	18	2	2	1		Mostly name
Tanglewood	5	2	2	1		Mostly fictional use
Taos	5	5	4	0		
Tappan	8	3	3	0		
Tara	13	2	2	1		
Tarleton	18	14	12	1		
Tarn	5	2	2	1		
Tarpeian Rock	19	4	4	0	Rome, Italy	Rome, Italy
Tarrytown	24	12	9	0		
Tarsus	22	19	17	0	Tarsus, Turkey	Tarsus, Turkey
Tasso	7	6	6	1		
Taunton	96	10	9	0		
Tauris	5	2	2	0	Crimea, Ukraine	Crimea, Ukraine
Taylorsville	11	2	2	0		
Teheran	12	4	4	0	Tehran, Iran	Spelling
Tempe	12	10	10	1		Name
Templeton	10	7	7	1		
Teneriffe	6	5	5	0		
Tennessee	442	93	62	0		
Tennessee River	15	7	7	0		
TENNYSON	65	46	39	1		
Terra	6	2	2	1		
Terry	7	2	2	1		
Tertullian	7	3	2	1		
Teuton	7	5	5	1		
Texas	684	119	89	0		
Texas Texas	10	5	5	0	Texas	Texas
Thames	69	42	33	0	River Thames	River Thames
Theatre	5	5	5	1		
Thebes	26	22	22	0	Thebes, Greece	Thebes, Greece
Thekla	10	2	2	1		
Theodora	91	4	4	1		
Thermopylae	19	18	16	0	Thermopylae, Greece	Thermopylae, Greece
Thorndale	15	2	2	1		
Thornton	6	3	2	1		
Thou	333	195	135	1		
Thou hast	7	7	7	1		
Thou knowest	5	5	5	1		
Thou Thou	8	6	6	1		
Thrace	5	3	3	0	Bulgaria	Bulgaria
Throckmorton	6	3	3	1		
Thyatira	5	3	3	0	Akhisar, Turkey	Akhisar, Turkey
Tiber	51	26	21	0	Tiber River, Italy	Tiber River
Tiberias	40	4	4	0	Tiberias, Israel	Tiberias, Israel
Ticonderoga	31	10	10	0		
Tigris	7	6	6	0	Tigris River	Tigris River
Tilda	6	2	2	1		
Tim	5	4	3	1		
TIPPECANOE	10	4	4	0		
Tipperary	25	18	18	0		
Titian	9	8	7	1		
Toledo	45	20	17	0		
TOLLAND	7	3	3	0		
Tom	12	12	11	1		
Tombigbee river	5	4	3	0		
Tonawanda	5	4	4	0		
Tophet	8	7	7	0	Jerusalem, Israel	Jerusalem, Israel
Topman	14	4	2	1		
TOPSHAM	7	3	3	0		
Toronto	63	24	24	0		
Toulon	17	9	6	0		
Toulouse	13	7	7	0		
Town	12	8	7	1		
Trafalgar	7	7	6	0	Cabo Trafalgar, Spain	Cabo Trafalgar, Spain (diff from Tr. Sq.)
TRALEE	10	3	3	0		
Tremont	46	12	12	1		Usually name
Tremont Street	10	6	6	1		
Trenton	91	38	32	0		
Trieste	24	8	8	0		
Trinidad	10	6	6	0		
Trinity	5	5	5	1		
Tripoli	21	10	9	0		
Troas	9	2	2	0	Canakkale, Turkey	Canakkale, Turkey
Trojan	8	4	4	1		
Troy	27	6	6	0	Hisarlik, Turkey	Hisarlik, Turkey
Truckee	8	4	3	0		
Tryon County	10	2	2	0		
tuam	5	4	4	1		
Tudor	5	5	3	1		
Tula	7	2	2	1		
Tuolumne	10	5	4	0		
Tuolumne County	6	4	3	0		
Turin	32	9	9	0		
Turk	28	17	16	1		
Turkey	371	197	124	0		
Turkey Creek	10	2	2	1		
turkey turkey	11	2	2	0	Turkey	Turkey
Turner	21	13	10	1		
Tuscany	41	18	15	0	Tuscany, Italy	Tuscany, Italy
Tusculum	24	2	2	0		
Tybalt	6	4	4	1		
Tyrol	20	12	12	0		
U. S.	25	23	20	0	United States	USA
U.S.	10	9	8	0	United States	USA
Ulm	30	2	2	0		
Ultima Thule	6	6	5	0	Greenland	Greenland
Ulysses	12	6	6	1		
Umpqua	14	2	2	1		Used as name
Una	17	9	9	1		
Uncle Ebenezer	22	2	2	1		
Uncle Ned	11	2	2	1		
Uncle Simon	8	2	2	1		
Uncle Timothy	7	2	2	1		
Union	22	21	15	0	#North, USA	#North
Union Square	11	8	8	0		
Uniontown	6	2	2	0		
United Kingdom	10	8	7	0		
United States	2178	485	269	0		
United States America	59	42	34	0	United States	USA
United States Army	8	8	4	1		
United States Bank	17	8	6	1		
United States Esq.	5	4	3	1		
United States Hotel	32	23	20	1		
United States Navy	6	5	4	1		
Upas	27	12	12	1		
Upper California	5	3	2	0	California, USA	CA
Upper Mississippi	23	11	10	0	Mississippi River, USA	Mississippi River
Upper Potomac	10	6	3	0	Potomac river	Potomac River
Upper Tendom	5	4	4	1		
Upton	7	2	2	1		
URSULA	5	4	4	1		
US	44	34	31	0	United States	USA
Utah	142	27	23	0		
Utica	63	25	23	0		
Utopia	85	10	7	1		
Uxbridge	6	2	2	0		
VAIL	38	10	9	1		
Valambrosa	5	4	4	1		
Vale	32	2	2	1		
Valencia	14	7	6	0		
Valenciennes	6	6	5	0		
Valentia	14	4	2	1		
Valetta	6	3	3	0	Valetta, Malta	Valetta, Malta
Valhalla	7	5	5	1		
Valle	13	2	2	1		
Valley	178	50	35	1		
Valley Virginia	8	7	5	1		
Valparaiso	73	18	16	0		
Vancouver	21	5	5	0		
Vandyke	7	6	6	1		
Vargin	5	4	4	1		
Vatican	86	39	36	0		
Vaughan	5	2	2	1		
Venezuela	5	4	4	0		
Venice	446	121	93	0		
Verdun	5	2	2	0		
Vermont	302	100	75	0		
VERONA	41	15	14	0		
Versailles	166	44	32	0		
Vesuvius	6	5	5	0	Mount Vesuvius, Italy	Mt Vesuvius, Italy
Vevay	21	4	4	0		
VI	175	120	75	1		
Vicksburg	260	48	35	0		
Victor	6	4	4	1		
Victoria	86	38	32	1		
Vienna	232	66	47	0		
villany	81	64	41	1		
Vinal	14	2	2	1		
Vincennes	19	9	9	0		Indiana mostly
Viola	39	11	10	1		
Violet	7	3	3	1		
Violetta	6	2	2	1		
Virgin	98	55	41	1		
Virgin Mother	7	7	7	1		
Virginia	3474	357	198	0		
Virginia City	34	13	6	0		
Virginia ESQ.	5	4	3	1		
Virginia Maryland	7	4	4	1		
Virginia Springs	8	7	6	0		
Virginia Virginia	91	11	9	1		Excluded as likely ejac
Virginia Virginia Virginia	16	6	5	1		Excluded as likely ejac
Virginia Virginia Virginia Virginia	5	2	2	1		Excluded as likely ejac
Virginia Washington	6	2	2	1		
Virginny	21	12	10	0	Virginia	VA
Vistula	11	3	3	0	Vistula River, Poland	Vistula River, Poland
Vivia	53	3	3	1		
vogue	76	65	58	1		
Vosges	17	6	6	0		
Wabash	19	14	9	0	Wabash river	Wabash River
Waccamaw	5	2	2	0	Waccamaw River	Waccamaw River
Wadsworth	12	5	3	1		
Wahsatch	6	2	2	0		
WAKEFIELD	18	9	8	1		
Wal	27	15	13	1		
Wales	150	57	43	0	Wales, UK	Wales, UK
Wall Street	31	21	19	0	Wall Street New York	Wall Street, NY
Wallingford	239	6	5	1		
Wallingford Wallingford	9	4	3	1		
Walnut	5	5	3	1		
Walpole	39	10	10	1		
Walter	5	5	5	1		
Waltham	82	7	7	1		Mostly name
Walworth	29	3	3	1		
Ward	6	6	6	1		
Ware	8	5	5	1		
Warrenton	73	9	6	0		
Warrenton Springs	9	3	2	0	Warrenton	Warrenton, VA
Warsaw	31	23	20	0		
Wash.	52	9	8	1		Mostly nickname
Washington	4121	485	259	0	Washington, DC	DC, but take with cube of salt
Washington City	37	20	15	0	Washington, DC	DC
Washington county	6	5	5	1		Ambiguous
Washington Esq.	5	5	5	1		
Washington Irving	14	12	10	1		
Washington Square	23	17	15	0		
Washington Street	16	14	14	0		
Washington Washington	46	17	17	1		Likely personal name
Washington Washington Washington	8	3	3	1		
Washinton	59	8	4	0	Washington, DC	DC
Washoe	24	7	6	0		
Waterbury	11	4	4	0		
Waterford	25	6	6	0		
Waterloo	129	73	59	0	Waterloo, Belgium	Waterloo, Belgium
Waterman	10	3	3	1		
Watertown	8	5	5	0		
WAVELAND	21	2	2	0	Waveland, IN	Waveland, IN
Waverley	29	11	11	1		Mostly novels
Waverley Place	10	6	5	0		
Waverly	6	5	5	1		
Wayland	60	9	8	1		
Webster	6	6	5	1		
Weehawken	14	10	8	0		
Weimar	12	4	4	0		
Welby	6	2	2	1		
Welland	440	4	4	1		Mostly name
Welles	6	2	2	1		
Wellington	201	59	45	1		
Wells	12	6	6	1		
Wells River	8	2	2	0		
Wellsville	7	3	3	0		
WENDOVER	9	2	2	1		Ambig
Wentworth	23	7	6	1		
Wesley	13	6	5	1		
west	1616	615	320	0	#West, USA	#West
west bank	7	7	6	1		Not Israel
West End	7	7	7	0	London	London
West India	59	48	41	0	West Indies	West Indies
West India Islands	22	18	17	0	West Indies	West Indies
West Indies	216	113	83	0		
West Philadelphia	8	2	2	0	Philadelphia, PA	Philadelphia
West Point	110	51	37	0	West Point, NY	West Point, NY
west side	6	2	2	1		
West Virginia	12	7	6	0		
Westbrook	8	3	3	1		
Westchester	51	12	11	0	Westchester county	Westchester County
Westchester county	28	14	14	0		
Western Africa	6	6	4	0	Africa	Africa
Western Europe	6	5	4	0	Europe	Europe
Western States	30	28	27	0	#West, USA	#West
Westminster	21	16	15	0		
Westminster Abbey	13	12	11	0		
Westmoreland	14	5	5	0		Most often NY
Weston	10	6	6	1		
Westover	9	3	2	1		
Westville	11	2	2	1		
Wethersfield	15	9	8	0		
Weymouth	28	4	4	0		
Wharton	49	8	7	1		
Wheatland	26	2	2	1		
Whin	5	4	4	1		
White House	11	10	8	0		
White Mountain	9	7	7	0	White Mountains	White Mountains
White Mountains	66	39	34	0		
White Plains	52	14	13	0		
Whitehaven	11	2	2	0	Whitehaven, England	Whitehaven, England
Whittier	70	50	43	1		
Wicklow	6	2	2	0		
Wiesbaden	20	6	5	0		
Wight	9	7	6	0	Isle of Wight	Isle of Wight
Wildwood	8	4	4	1		
Wilford	54	2	2	1		
Wilhelmina	13	4	3	1		
Wilkes	8	3	3	1		
Willamette	20	4	4	0	Willamette river	Willamette River
Willard	7	4	4	1		
William	51	35	27	1		
Williamsburg	274	25	17	0		
Williamsport	13	5	3	0		
Willie	7	6	6	1		
Williston	27	3	3	1		
Willow Glen	14	2	2	1		Fictional use
Wilmington	153	29	24	0		Pretty split btw NC and DE; currently hits NC
Wilton	18	4	4	1		
Wiltshire	5	3	3	1		
Winchester	68	15	9	1		Ambig and name
Windham	10	3	3	1		
WINDSOR	87	41	34	1		Mostly name alas
Windward Islands	5	5	3	0		
Winnebago	7	2	2	0		
Winona	90	2	2	1		
Winsted	9	2	2	0		
Winthrop	29	7	7	1		
Wisconsin	140	49	35	0		
Wolf	8	2	2	1		
Wood	8	5	5	1		
Wood Hill	8	2	2	1		
Woodbine	9	4	3	1		
Woodbine Lodge	25	2	2	1		
Woodland	104	6	6	1		
Woodlawn	6	3	3	0		
Woods	5	2	2	1		
Woodstock	8	6	5	1		Ambig
Woodville	43	9	9	1		Ambig and name
Wooster	8	4	4	0		
Worcester	86	43	32	0		
Worth	7	7	7	1		
Worthington	8	4	4	1		
Wurtemberg	11	5	5	0		
Wye	5	4	4	0	River Wye, UK	River Wye, UK
Wyndham	61	3	3	1		
Wyoming	69	17	15	0		
Wyoming Valley	10	2	2	0	Wyoming	
Xenia	6	2	2	1		
Yankeedom	14	10	9	0	#North, USA	#North
Yarmouth	10	5	5	0		
Yarra Yarra	6	4	3	0		
Yazoo	16	4	4	0	Yazoo River, MS	Yazoo River, MS
Yazoo river	8	5	5	0	Yazoo River, MS	Yazoo River, MS
Yokohama	6	4	2	0		
Yonkers	27	8	8	0		
YORK	238	105	74	0		Who knows
York river	5	4	3	0		
York State	10	9	9	0	New York State	NYS
Yorkshire	31	23	21	0	Yorkshire England	Yorkshire, England
Yorktown	63	30	23	0		
Yorkville	11	7	6	0		
Young America	25	21	20	0	United States	USA
Yreka	27	3	3	0		
Yuba	9	3	3	0	Yuba River California	Yuba River, CA
Zahara	5	4	4	0	Africa	Africa. Stupid Google.
Zanzibar	20	6	5	0		
Zebulon	12	5	5	1		
Zenobia	15	4	3	1		
Zerah	9	2	2	1		
Zilpah	11	2	2	1		
Zilpha	9	3	2	1		
Zion	15	8	8	0	Jerusalem, Israel	Jerusalem
Zuleika	26	3	3	1		
Zurich	33	9	9	0		
